id,name,email,address,phone
1,"Botsford, Hamill and Schamberger",cstaniford0@yellowpages.com,640 Hagan Drive,+62 246 298 4545
2,"Stanton, Marks and Bahringer",crandalson1@cmu.edu,1 Maple Way,+86 442 300 6589
3,Hudson Inc,anowaczyk2@istockphoto.com,22066 Annamark Avenue,+46 975 275 6654
4,McClure-Toy,smothersole3@imageshack.us,2 Caliangt Court,+353 531 289 8070
5,Berge-Cassin,mellwell4@usda.gov,4 Cody Circle,+84 935 796 2106
6,Kling-Abshire,tnovakovic5@multiply.com,9 Prentice Terrace,+86 600 560 7606
7,"Cremin, Bailey and Schuppe",rdami6@amazonaws.com,71 Clove Junction,+82 685 635 1848
8,Schroeder-Murazik,rcockerill7@answers.com,2 Spenser Crossing,+62 756 273 2401
9,"Sauer, Paucek and Ernser",jniezen8@paypal.com,997 Arizona Lane,+81 763 312 0827
10,"Senger, Hansen and Mosciski",egyde9@nih.gov,458 Morrow Point,+351 801 479 1582
11,"Stehr, Auer and Legros",lknaptona@github.com,9617 Coleman Center,+375 431 137 6432
12,Beatty and Sons,rhallihaneb@vk.com,3061 Raven Terrace,+30 557 141 6233
13,"Flatley, Mann and Bradtke",fcornejoc@unicef.org,12704 Northport Court,+51 226 864 8831
14,Zboncak-Kilback,frolsed@mapy.cz,1 Anhalt Place,+57 267 174 4142
15,Reilly-Kuvalis,jvennere@blogtalkradio.com,06140 Melby Place,+62 458 817 2849
16,"Heidenreich, Heaney and Towne",klilfordf@mysql.com,41648 Fairview Center,+212 682 509 6958
17,Doyle LLC,nkeirg@mashable.com,2815 Hooker Park,+86 562 199 6806
18,"Kiehn, MacGyver and Jacobson",epetrieh@printfriendly.com,35231 Daystar Trail,+81 664 897 5603
19,Reichert-Simonis,mkahani@51.la,58 Oxford Way,+55 980 458 7313
20,Greenfelder-Heller,mlanyonj@bravesites.com,07 Dennis Court,+689 669 960 3679
21,Simonis and Sons,bstartink@freewebs.com,3 Hovde Junction,+7 543 859 6344
22,Collier-Schneider,ddavidovicil@whitehouse.gov,50980 Kipling Avenue,+86 544 799 8172
23,Corkery-Ledner,bmcginnm@privacy.gov.au,51 Garrison Point,+509 730 433 1040
24,Nolan Group,kivashechkinn@smh.com.au,440 Everett Circle,+351 259 395 9976
25,Harvey-Olson,gpratono@wunderground.com,0 South Trail,+242 130 606 5734
26,Brakus-Armstrong,wswarbrickp@ucla.edu,41886 Derek Hill,+86 270 840 3398
27,"Kihn, Yundt and Kuhlman",abouldq@xrea.com,63 Melvin Alley,+506 817 309 3483
28,Schiller Group,spuzeyr@shop-pro.jp,10 Scott Plaza,+62 823 629 3028
29,"Hudson, Lubowitz and Powlowski",ehenrionots@google.pl,5 Dayton Pass,+86 283 429 3221
30,"Stoltenberg, Schneider and Hirthe",ckimmonst@google.co.jp,4239 Forest Run Point,+62 839 666 3281
31,Lebsack-Grady,abrydieu@earthlink.net,96742 Kinsman Circle,+62 504 654 8758
32,"Kuhlman, Williamson and Kirlin",sgreesonv@eepurl.com,10 Browning Court,+220 879 168 6908
33,Lubowitz Group,wregusw@howstuffworks.com,0607 Burning Wood Court,+7 725 501 4534
34,Champlin Inc,clappingx@amazon.de,50 Lake View Crossing,+57 415 173 0747
35,Volkman LLC,cbowsy@cmu.edu,4166 School Alley,+86 383 638 2073
36,Ratke-Littel,vfirebracez@studiopress.com,4145 Pond Road,+63 189 632 0658
37,"Zulauf, Runte and Cartwright",pjankowski10@yellowbook.com,33 American Terrace,+51 980 979 8894
38,"Kunze, Gorczany and Toy",afenwick11@dropbox.com,14344 Kensington Road,+53 437 416 9973
39,Hoeger-Rosenbaum,gpinel12@pen.io,464 American Center,+86 165 681 2314
40,Moore-Dare,kmccolley13@mail.ru,93 Claremont Alley,+46 941 541 1127
41,Bergnaum LLC,dkenwell14@umich.edu,761 Pawling Street,+218 972 262 3201
42,"Fisher, Rath and Smitham",oboarder15@wikia.com,175 Derek Pass,+84 620 102 4132
43,Weimann-Schowalter,gwinter16@howstuffworks.com,7573 Green Ridge Center,+30 955 251 8787
44,"Lang, Rempel and Medhurst",mblockley17@imageshack.us,26 Moose Hill,+62 352 923 6308
45,Mayer-Blick,mdagger18@disqus.com,701 Oxford Trail,+86 762 722 7467
46,Marquardt-Herzog,gbeaves19@diigo.com,4201 Anniversary Circle,+81 738 733 9781
47,Dach LLC,cdavey1a@networkadvertising.org,21703 Waywood Way,+54 461 568 1526
48,Muller-Senger,jlanegran1b@economist.com,8642 Havey Terrace,+62 676 559 7072
49,Marquardt-Price,kboutcher1c@g.co,27362 Gina Terrace,+63 272 132 3767
50,Monahan-Ward,dwilcott1d@walmart.com,9606 Glendale Alley,+46 509 490 4941
51,"Schaden, Franecki and Zboncak",bhagland1e@cnet.com,6814 Namekagon Way,+62 894 858 1278
52,Eichmann-Boehm,tauten1f@blogger.com,5 Melody Crossing,+1 562 846 1681
53,Bode and Sons,mtrumper1g@bbb.org,72 Glacier Hill Park,+48 166 803 2727
54,Bechtelar LLC,kshireff1h@fc2.com,904 Michigan Center,+232 103 120 9709
55,Rau Inc,rbootton1i@squarespace.com,2 Laurel Plaza,+389 697 344 8924
56,Roob-Metz,kheinish1j@thetimes.co.uk,2 Thackeray Center,+242 179 922 2917
57,Gutmann and Sons,mbarlace1k@craigslist.org,6193 Mandrake Road,+86 965 964 9638
58,Gerlach Group,wspeechly1l@wikipedia.org,618 Rieder Avenue,+420 572 436 5158
59,Watsica Inc,sarundale1m@com.com,919 Crescent Oaks Pass,+86 326 181 0471
60,Champlin-Casper,fvinnicombe1n@slideshare.net,3591 Clemons Junction,+93 868 387 9886
61,"Bergnaum, Zulauf and Jacobi",cbraddock1o@patch.com,31593 Mosinee Hill,+212 167 821 6814
62,Funk Inc,gherreran1p@amazon.de,2 Kedzie Hill,+86 387 131 3302
63,Kshlerin-Zemlak,bjacobson1q@themeforest.net,5142 Logan Alley,+385 758 286 7166
64,"Kihn, Nienow and Schultz",imeldon1r@bing.com,196 Luster Alley,+48 923 379 4891
65,O'Keefe and Sons,gfrid1s@unicef.org,1 Ridge Oak Drive,+62 593 748 4427
66,Mertz Inc,wmedway1t@plala.or.jp,6931 Briar Crest Road,+81 494 712 4402
67,Lind-Stroman,gingerfield1u@cnbc.com,79718 Maryland Avenue,+86 810 337 5533
68,Bruen and Sons,tfranck1v@skyrock.com,96 Brickson Park Junction,+52 448 310 1822
69,Ernser-Terry,zcauley1w@storify.com,332 Carey Alley,+55 227 178 2578
70,Lemke-Roberts,flyffe1x@liveinternet.ru,53 Coolidge Court,+63 818 904 2085
71,"Willms, Lebsack and Cummings",scrunkhurn1y@europa.eu,8 Morning Circle,+86 935 676 3846
72,Treutel-Volkman,bobee1z@ucla.edu,4 Kinsman Road,+48 219 381 6494
73,McDermott LLC,asparway20@clickbank.net,271 Lerdahl Junction,+62 884 431 2330
74,Stracke-Walker,cblowick21@epa.gov,4443 Namekagon Point,+63 495 485 3328
75,Cronin-Bosco,svial22@house.gov,8 Memorial Circle,+86 694 216 1156
76,"Volkman, Dooley and Murphy",cagneau23@dion.ne.jp,314 Homewood Alley,+86 820 515 3234
77,Rogahn-Treutel,ngrinyer24@live.com,20972 Little Fleur Junction,+66 283 735 2461
78,"Breitenberg, Rempel and McLaughlin",efitzpayn25@un.org,6195 Upham Center,+57 173 186 1495
79,Yundt-Hegmann,gdevers26@cdbaby.com,58 Oak Valley Court,+86 361 991 1589
80,Leffler-Johnston,kespie27@opera.com,9 Elgar Pass,+420 921 220 8812
81,Windler Inc,rczajka28@xrea.com,22 Hovde Circle,+63 193 608 9880
82,Jacobson LLC,kweerdenburg29@csmonitor.com,244 Lien Trail,+7 252 695 5506
83,Walter-Wintheiser,aferonet2a@earthlink.net,0 Nancy Circle,+54 270 182 5019
84,"Emard, Kulas and Bahringer",ccory2b@t.co,85449 Rieder Avenue,+86 966 954 8767
85,"Kihn, Bayer and Mitchell",swadforth2c@theatlantic.com,1 Hudson Plaza,+81 307 827 0594
86,"Parisian, Rohan and Greenholt",lgosby2d@cdbaby.com,60647 Miller Junction,+86 103 481 2863
87,Ferry-Wisozk,jbraams2e@fc2.com,8416 Delladonna Lane,+7 731 182 2601
88,"Ledner, Sporer and Jacobson",sheading2f@mac.com,34012 Nova Center,+33 468 872 0754
89,Nader-Huels,nkelson2g@jiathis.com,8656 Warner Drive,+55 139 745 1337
90,"Conroy, Fritsch and Stiedemann",lgarbert2h@chronoengine.com,44 Londonderry Center,+351 258 207 4509
91,"Batz, Russel and Cremin",slund2i@census.gov,97307 Crescent Oaks Circle,+86 838 157 2072
92,Murazik and Sons,msadgrove2j@woothemes.com,7 Columbus Junction,+55 892 616 7793
93,Russel Inc,nambler2k@patch.com,63115 Dorton Crossing,+1 570 309 6630
94,Haag-Deckow,gmityakov2l@github.com,53627 Hallows Drive,+62 604 777 4621
95,Barrows and Sons,bmalins2m@kickstarter.com,47 John Wall Park,+7 155 667 9768
96,Marks-Schinner,nbenkin2n@phpbb.com,19900 Sherman Hill,+62 276 264 0704
97,Dibbert LLC,mbradane2o@gizmodo.com,7429 Stang Trail,+86 684 792 4839
98,Kub and Sons,peisikowitz2p@mashable.com,132 Duke Park,+251 786 213 5913
99,Leannon LLC,ssuett2q@angelfire.com,50 Washington Place,+55 229 636 2422
100,"Ziemann, Farrell and Bruen",ksprade2r@so-net.ne.jp,9 Dawn Junction,+212 186 885 2511
101,Yost LLC,awhitsun2s@cnbc.com,25969 Lunder Hill,+55 170 331 1978
102,Raynor and Sons,pivshin2t@ft.com,675 Susan Parkway,+33 701 512 4931
103,McCullough LLC,btocher2u@comcast.net,1 South Junction,+598 814 654 6014
104,Feeney-Bahringer,jpyecroft2v@oakley.com,0184 Lake View Pass,+86 432 994 2628
105,Ryan-Wyman,dclelland2w@msu.edu,7275 Trailsway Way,+52 221 699 6476
106,D'Amore-Gusikowski,lebbetts2x@europa.eu,836 Sherman Place,+63 102 492 8044
107,Murray-Reilly,dedmundson2y@paginegialle.it,3957 Muir Hill,+44 663 708 7460
108,Borer and Sons,tglasard2z@jalbum.net,29549 Lindbergh Place,+86 866 153 6494
109,Kunze LLC,flynock30@rambler.ru,8 Elgar Junction,+86 592 203 0366
110,"Pfannerstill, Block and Becker",voxe31@miitbeian.gov.cn,72483 Saint Paul Hill,+63 272 115 0475
111,Zulauf LLC,cblenkiron32@google.co.uk,9 Schmedeman Avenue,+255 811 397 5165
112,Ondricka and Sons,krichardot33@cloudflare.com,3556 Florence Plaza,+51 642 797 4436
113,Casper-Mitchell,hdickens34@miibeian.gov.cn,69960 Sachs Trail,+7 259 193 4256
114,Zemlak LLC,cguinane35@google.ru,561 Bluestem Center,+62 239 333 3270
115,D'Amore Inc,estanluck36@chicagotribune.com,62164 Maple Drive,+48 873 839 2573
116,"Witting, Kihn and Hoeger",skeady37@youtu.be,09 Columbus Way,+351 884 326 7948
117,Braun Inc,cstannas38@privacy.gov.au,34 Killdeer Alley,+880 696 754 7641
118,Marks LLC,cbaugh39@ycombinator.com,62553 Mariners Cove Street,+62 525 638 2624
119,"Rowe, Heidenreich and Ward",jpilger3a@google.fr,5155 Sunnyside Crossing,+976 864 192 1128
120,Weissnat Group,hledington3b@wp.com,842 Loomis Street,+63 452 631 7473
121,D'Amore-Haag,bjakubovits3c@webs.com,1374 Scofield Court,+86 555 420 5352
122,Funk-Dietrich,jpappi3d@alibaba.com,70021 Shasta Terrace,+7 595 176 3506
123,"Johnston, Heathcote and Gutkowski",rlabbati3e@creativecommons.org,61 Miller Court,+351 505 455 8995
124,Aufderhar Group,bmccorkell3f@opensource.org,8718 Daystar Terrace,+351 932 411 6214
125,"Leffler, Emard and Adams",mwherry3g@arizona.edu,9734 Mandrake Circle,+63 587 330 0905
126,Weimann-Mueller,cstoddart3h@europa.eu,7733 Judy Point,+86 138 213 3431
127,Cassin and Sons,nrenard3i@ft.com,41 Glacier Hill Junction,+57 893 935 8285
128,"Dicki, Connelly and Kutch",apanchin3j@washington.edu,61734 Barnett Place,+86 436 390 1904
129,"Klocko, MacGyver and Gutmann",elerhinan3k@ovh.net,888 Surrey Court,+86 178 858 6822
130,Koepp-Gulgowski,bmyhan3l@google.co.uk,3991 Express Plaza,+63 812 694 6108
131,Moore-Simonis,tdebling3m@liveinternet.ru,63 Mitchell Plaza,+45 154 216 2661
132,"Stiedemann, Schmeler and Boyle",tdenidge3n@rediff.com,982 Riverside Court,+34 921 886 8981
133,Walsh-Hessel,mlabon3o@businessweek.com,703 Huxley Way,+33 296 769 0943
134,Zboncak-Rowe,gnassi3p@hatena.ne.jp,95172 Westerfield Junction,+380 611 388 8442
135,Champlin-Hoeger,fortsmann3q@nature.com,9 Graedel Circle,+7 557 732 4768
136,"Stracke, Treutel and Raynor",cpietruszewicz3r@mayoclinic.com,74025 Nevada Drive,+229 288 102 6826
137,Haag Inc,wniblett3s@ibm.com,8 Truax Circle,+62 252 335 0446
138,Morar Group,hstonman3t@blogtalkradio.com,80 Armistice Hill,+48 376 894 5953
139,Dooley Group,cobey3u@ifeng.com,7 Bunker Hill Pass,+86 397 103 7418
140,Koss LLC,ddeinhardt3v@china.com.cn,9 Carey Lane,+420 553 467 7475
141,Turner-Farrell,mlegendre3w@sciencedirect.com,7 Hudson Center,+62 510 109 7834
142,Beahan-Gottlieb,ccerie3x@mac.com,464 Hagan Drive,+48 902 917 8859
143,Parisian-Hintz,jraffin3y@ucoz.ru,77 Memorial Parkway,+963 241 193 6401
144,McClure and Sons,alikly3z@cbsnews.com,8 Delladonna Street,+33 366 438 8077
145,"Jerde, Bode and Ryan",jivers40@dedecms.com,84258 Westerfield Trail,+62 153 164 6901
146,Kautzer-Maggio,dhellwich41@ed.gov,5691 Karstens Street,+353 248 772 5994
147,Rath and Sons,ghayer42@newyorker.com,34838 Doe Crossing Place,+62 858 733 0402
148,VonRueden Inc,fcommings43@soup.io,00 Washington Drive,+373 178 459 5752
149,Mertz-Ondricka,snellies44@eventbrite.com,42 Cottonwood Street,+86 901 803 0948
150,"Beahan, Stiedemann and Blanda",jsoutherton45@wordpress.org,8 Delaware Lane,+86 800 283 0948
151,"Leuschke, Schmeler and Purdy",rwinnard46@comsenz.com,886 Marcy Lane,+7 222 853 5555
152,"Pacocha, Wolf and Jaskolski",fdingley47@scribd.com,242 Mesta Street,+62 172 359 2578
153,"Armstrong, Schoen and Pfannerstill",edurham48@prlog.org,3573 4th Circle,+33 260 413 8568
154,Balistreri-Hamill,zbutlin49@fastcompany.com,8116 Roth Place,+1 213 845 7265
155,"Pollich, Schmitt and Lakin",tfuge4a@51.la,2091 Bartelt Trail,+55 336 276 4621
156,Kuhn-Effertz,rburth4b@trellian.com,88747 Northwestern Circle,+976 209 793 9554
157,Bode Inc,cpirolini4c@aboutads.info,35 Farwell Parkway,+48 597 372 4321
158,Howell Group,bedmondson4d@nifty.com,7 Novick Place,+55 511 196 4214
159,Cremin-Wilderman,yforce4e@scientificamerican.com,5 Lotheville Point,+62 444 915 2619
160,"Nolan, D'Amore and Veum",cedwin4f@narod.ru,275 Roxbury Avenue,+45 287 580 2603
161,Satterfield-Cassin,kheckney4g@marriott.com,190 Pepper Wood Center,+62 372 844 6902
162,"Bednar, Bradtke and Hartmann",ftour4h@forbes.com,008 Surrey Drive,+86 708 527 1752
163,Mante Group,cglendinning4i@scribd.com,84861 Washington Alley,+54 946 941 5939
164,Mante Inc,tgarlee4j@studiopress.com,50680 Coleman Terrace,+63 277 221 2008
165,Bins-Grady,kdictus4k@cdc.gov,906 Waxwing Parkway,+502 889 407 3972
166,"McDermott, Stroman and Koch",mballantyne4l@google.ca,184 Duke Place,+55 960 852 3774
167,Haley-Johns,apithie4m@deliciousdays.com,87 Green Ridge Lane,+53 897 857 5897
168,Witting Group,bbrawson4n@virginia.edu,29 Redwing Hill,+33 765 848 6967
169,Stroman-Durgan,aminihane4o@wordpress.org,639 Novick Street,+1 405 467 0515
170,Leannon-Buckridge,goldall4p@wikipedia.org,5 Lukken Parkway,+62 437 198 7033
171,Gleason Group,rnabarro4q@buzzfeed.com,703 Valley Edge Junction,+63 465 208 9816
172,"Toy, Huels and Lueilwitz",lmart4r@hatena.ne.jp,2305 Bonner Court,+86 586 322 7551
173,Herman-Gorczany,plawry4s@cam.ac.uk,80 Logan Terrace,+86 787 781 1112
174,"Denesik, Beahan and Herzog",chechlin4t@usda.gov,99527 Johnson Lane,+33 963 745 6467
175,"Douglas, Bauch and Greenfelder",gantonognoli4u@columbia.edu,7 Becker Plaza,+86 106 151 4661
176,"Koelpin, Haag and Bernhard",abardell4v@wsj.com,683 Toban Avenue,+387 989 922 8221
177,Batz-Crona,gmcdavid4w@mlb.com,342 Sugar Center,+63 379 103 7185
178,Daniel-Buckridge,bbakhrushkin4x@barnesandnoble.com,3688 Haas Road,+226 582 745 4739
179,"Schmidt, Gerhold and Tromp",lguiot4y@t.co,0886 Bowman Parkway,+63 745 377 1993
180,Huel LLC,rarkle4z@ox.ac.uk,104 Coolidge Point,+20 674 927 8383
181,"Glover, Paucek and Bogan",fkipling50@odnoklassniki.ru,69 Boyd Street,+62 507 266 7951
182,Boyer-Denesik,gumbers51@shutterfly.com,26641 Sage Center,+670 203 747 1869
183,"Prosacco, Murphy and Barton",dbisterfeld52@arstechnica.com,6 Bay Alley,+62 587 581 0095
184,"Schmitt, Johnston and Bauch",mwaddup53@blinklist.com,1750 Summit Terrace,+86 727 465 9846
185,O'Keefe-Friesen,hespadater54@networkadvertising.org,53 Kensington Street,+54 474 720 7218
186,"Witting, Corkery and Morar",jlawfull55@army.mil,3343 Helena Park,+234 151 527 0599
187,Nader-Hills,jhonsch56@soundcloud.com,24574 Luster Drive,+86 640 552 7391
188,McCullough-Murazik,bwhiff57@taobao.com,34 Susan Hill,+63 517 717 1896
189,"Breitenberg, Reichel and Lebsack",rbrose58@ycombinator.com,2094 Trailsway Point,+81 834 689 4453
190,"Ziemann, Marquardt and Mitchell",hbarnaclough59@google.com.au,209 Bartelt Park,+212 955 145 2943
191,Thompson-Steuber,fdixcee5a@yale.edu,2005 Holmberg Place,+86 637 468 7474
192,Powlowski Inc,iattewill5b@ycombinator.com,1052 Nelson Pass,+62 315 449 4221
193,Mueller-Weber,opulsford5c@sbwire.com,78330 Hoard Crossing,+86 956 521 6004
194,"Mertz, Mohr and Botsford",rguilford5d@paypal.com,4 Stone Corner Terrace,+63 569 998 1878
195,Russel LLC,etatam5e@google.ca,08 Raven Center,+86 106 117 8023
196,Lakin Group,breaney5f@amazon.com,2 Sunbrook Pass,+62 327 762 9793
197,"Kilback, Stamm and Gerlach",tlegh5g@macromedia.com,049 Cody Street,+7 478 196 7809
198,"Schuster, Johnston and Weber",adominiak5h@omniture.com,96103 Melrose Parkway,+33 457 725 7734
199,"Balistreri, Heller and McGlynn",rtregian5i@epa.gov,82 Holmberg Circle,+7 908 884 6005
200,Ruecker Group,tchristoffersen5j@goodreads.com,10 Sauthoff Point,+86 256 754 0522
201,Berge-Kuvalis,mgregorowicz5k@nydailynews.com,3 Union Pass,+54 943 380 9044
202,O'Kon LLC,ctimblett5l@sakura.ne.jp,21987 Kedzie Road,+371 210 821 1116
203,Mayert Group,strevor5m@altervista.org,5 Transport Pass,+62 302 969 6886
204,Moore-Blanda,alegges5n@edublogs.org,90695 Loftsgordon Parkway,+504 742 335 1802
205,Runolfsson-Kilback,mlauks5o@archive.org,48448 Fallview Hill,+62 227 859 6241
206,"Hickle, Bauch and Murphy",maikenhead5p@com.com,9 Ludington Center,+86 173 521 1834
207,Streich LLC,dvasse5q@umn.edu,16233 Oriole Plaza,+46 365 692 7478
208,"Schaden, Brakus and Carter",mselwyn5r@epa.gov,5 West Plaza,+81 725 710 7138
209,Ankunding Group,mkyrkeman5s@tumblr.com,64 Huxley Court,+63 270 391 0494
210,Jast Group,llalor5t@soup.io,31 Center Pass,+86 885 619 5734
211,Koelpin-Gottlieb,dpechet5u@netscape.com,84 Vernon Place,+48 729 115 2518
212,"Halvorson, Ritchie and Satterfield",ssalle5v@msu.edu,20328 Evergreen Avenue,+236 697 394 9319
213,Ziemann-Kutch,zchurchill5w@lulu.com,348 Hoard Drive,+27 593 489 8169
214,Schulist Group,chorning5x@auda.org.au,35 Banding Circle,+224 609 545 7618
215,Brown-Corkery,oexter5y@pbs.org,2 Sachtjen Park,+234 286 547 9891
216,Hessel-Glover,bsaur5z@icio.us,3320 Farragut Trail,+380 583 775 6711
217,Gutkowski-Lindgren,mrisbrough60@loc.gov,3393 Cherokee Pass,+86 258 394 0359
218,"Bins, Koss and Schaefer",umarzele61@foxnews.com,18304 Granby Point,+375 898 280 0338
219,"Mueller, Dickinson and Klocko",clynd62@oakley.com,01528 Glendale Alley,+86 674 829 7154
220,Hane Group,jluscombe63@dailymotion.com,1 Mockingbird Court,+86 322 301 4623
221,Ratke-Pollich,fearpe64@chicagotribune.com,83 Hayes Avenue,+63 421 571 9534
222,Legros Group,ibegley65@un.org,7 Bartelt Terrace,+34 713 401 3938
223,Stokes LLC,jjoannet66@symantec.com,33 Green Crossing,+62 690 181 5434
224,"Smitham, Von and Mitchell",mtrenbay67@ucoz.com,83 Fisk Court,+33 163 264 7428
225,Lind LLC,eansett68@surveymonkey.com,60579 Goodland Road,+86 814 796 7857
226,"Daugherty, Hegmann and Trantow",bmcgeachie69@netscape.com,7 Lyons Street,+46 781 307 2378
227,Predovic Group,dcorstan6a@youku.com,252 Lawn Park,+972 266 248 6976
228,"Kessler, Heller and Wiza",balbasini6b@sfgate.com,7031 Tennyson Court,+86 234 285 5711
229,"Torphy, Wiza and Armstrong",vsnowling6c@drupal.org,9 Cody Parkway,+7 357 128 8648
230,Ward Group,ipadefield6d@harvard.edu,7049 Summit Alley,+86 403 127 2629
231,Rogahn Group,cgavrielly6e@shutterfly.com,0 Pennsylvania Alley,+1 206 581 7333
232,"Kuvalis, Bauch and Hayes",afreshwater6f@cam.ac.uk,5 Fuller Plaza,+291 783 914 9781
233,Schneider Group,gtadgell6g@umich.edu,445 Macpherson Park,+63 988 248 5484
234,Steuber-Batz,rpaolino6h@altervista.org,55 Warrior Plaza,+244 600 719 0319
235,"Corkery, Hessel and Ferry",bmarris6i@cisco.com,83731 Division Circle,+47 752 860 4351
236,Dooley LLC,edoncom6j@imageshack.us,86 Prentice Parkway,+57 291 290 4744
237,Dietrich-Bashirian,lstrathe6k@bandcamp.com,04 Butterfield Lane,+86 288 752 3807
238,Pagac-Stroman,jgabbotts6l@google.nl,0655 Forest Lane,+55 605 987 8646
239,Lehner-Daugherty,alyster6m@qq.com,2 Hallows Pass,+48 259 600 9652
240,Keebler-Hackett,fboydell6n@guardian.co.uk,9 Canary Junction,+380 245 374 7245
241,Stark Group,aaldrick6o@cam.ac.uk,6212 Atwood Trail,+7 427 452 0942
242,Connelly-Ruecker,npriden6p@cafepress.com,00857 Westerfield Park,+98 319 119 1742
243,McLaughlin Inc,ghibling6q@domainmarket.com,48256 East Place,+502 135 726 0831
244,Hahn-Goyette,dwoonton6r@pagesperso-orange.fr,1843 Dakota Junction,+86 980 537 0429
245,"Bins, Dibbert and Nikolaus",dnerney6s@google.es,3804 Hallows Lane,+212 724 538 4757
246,"Roberts, Thompson and Prohaska",hdurrance6t@zdnet.com,998 Pankratz Terrace,+351 393 388 5073
247,"Lynch, Miller and Franecki",mduffer6u@imageshack.us,235 Farwell Center,+503 839 392 1901
248,Herzog-Powlowski,agrabeham6v@weebly.com,49 Bartelt Junction,+86 746 388 2873
249,"Haag, Johnson and Kuhn",bruckman6w@hatena.ne.jp,73047 Thompson Drive,+62 924 183 4287
250,O'Connell-Gutkowski,bkerridge6x@yandex.ru,5714 Stone Corner Plaza,+86 519 353 2651
251,"Toy, Larson and Rohan",erenachowski6y@deviantart.com,5 Longview Junction,+93 487 761 9572
252,Oberbrunner Group,bdruce6z@is.gd,11 Northport Drive,+33 434 400 9641
253,Schmeler-Eichmann,smccoveney70@hp.com,1452 Bartillon Lane,+98 599 436 7146
254,Mayert-Wiegand,ibickle71@sourceforge.net,1 Green Drive,+62 895 225 2798
255,Bayer-Kulas,hfurmedge72@twitter.com,41 Walton Trail,+49 305 334 1356
256,Mayer Group,nshelper73@bbb.org,4668 Heath Street,+504 355 369 3663
257,"Watsica, Rippin and Pouros",tpowdrell74@imdb.com,7010 Knutson Pass,+357 824 733 6609
258,Lowe-Barrows,jlinguard75@biblegateway.com,3 Nevada Street,+62 723 105 2911
259,"Cole, Mann and Bosco",pyearne76@addthis.com,698 Maple Hill,+55 535 345 7313
260,"Bailey, Cremin and Goldner",cdabner77@loc.gov,702 Goodland Avenue,+420 567 324 4139
261,Pfeffer-Kulas,mrassell78@yellowbook.com,426 Farmco Street,+81 686 555 3444
262,"Stamm, Feil and Miller",groistone79@shop-pro.jp,2 Golf Street,+62 680 386 9347
263,Mraz-Heaney,dfri7a@telegraph.co.uk,057 Carioca Terrace,+352 617 728 2611
264,Block Inc,nrobertazzi7b@myspace.com,4975 Service Circle,+994 598 784 1613
265,Monahan-Hoppe,darmatage7c@hao123.com,77 Cordelia Street,+52 890 494 0236
266,"Pollich, Hickle and Aufderhar",ljerg7d@usatoday.com,093 Katie Way,+46 547 343 0701
267,Daniel-Morar,dcurrie7e@bloomberg.com,90526 Surrey Point,+86 859 398 4637
268,Gerhold Group,adee7f@reference.com,9 Goodland Circle,+222 490 445 9947
269,Wiegand LLC,cjore7g@comsenz.com,0097 North Pass,+86 645 337 5816
270,Hahn and Sons,mworledge7h@de.vu,07 Stone Corner Alley,+7 655 221 6523
271,McKenzie LLC,gtheaker7i@bluehost.com,603 Arrowood Circle,+33 357 395 8390
272,Greenfelder-Schuster,dgermain7j@ifeng.com,4016 Laurel Road,+976 282 106 6987
273,"Fisher, Powlowski and Schimmel",rleaves7k@house.gov,46 Mendota Circle,+48 373 756 0788
274,Mayert and Sons,echristie7l@arizona.edu,53030 Bowman Crossing,+62 836 153 6996
275,"White, Douglas and Nader",mkissell7m@chronoengine.com,84 Farwell Trail,+46 293 470 7424
276,"Bins, Johnson and Okuneva",tskarr7n@imgur.com,40 Maple Circle,+420 440 687 1501
277,Deckow Inc,fruthen7o@dedecms.com,9 Dexter Alley,+86 298 607 9421
278,Harber Group,amcconnulty7p@theglobeandmail.com,1462 Reindahl Road,+86 110 803 8539
279,Kuhn LLC,gtubbles7q@amazon.com,457 Swallow Court,+94 700 338 2249
280,Johns-Koelpin,hgillbey7r@jiathis.com,63 Melody Circle,+359 875 861 8184
281,Stehr Inc,esamples7s@drupal.org,2 Norway Maple Avenue,+55 872 351 7980
282,"Bauch, Watsica and Nolan",gpear7t@jiathis.com,301 Crownhardt Plaza,+48 654 308 9992
283,Pollich-Koepp,nhatfull7u@webnode.com,97 Corry Point,+55 825 889 0740
284,Steuber-Hettinger,ltaig7v@cbslocal.com,7 Luster Plaza,+81 716 906 7554
285,"Frami, Bahringer and Wilkinson",gphear7w@macromedia.com,6070 Lakeland Avenue,+7 924 989 7936
286,"Ryan, Watsica and Borer",swestgarth7x@yahoo.co.jp,5 Columbus Lane,+372 968 950 0273
287,Hane-Jaskolski,itovey7y@w3.org,5 Summit Center,+86 830 420 0301
288,Fritsch Group,esmaleman7z@psu.edu,0 Buena Vista Circle,+45 579 940 1147
289,"Ernser, Rohan and Stroman",aperch80@economist.com,26622 Division Crossing,+86 619 344 4394
290,Schimmel Group,fbenbow81@mail.ru,1 Mosinee Court,+62 787 381 8052
291,Johns-Brekke,solphert82@parallels.com,935 Farwell Terrace,+1 128 815 6038
292,Heidenreich-Labadie,dmatas83@nasa.gov,270 Cottonwood Drive,+7 901 386 5650
293,DuBuque-Gibson,lstriker84@symantec.com,34 Alpine Avenue,+964 850 875 5501
294,"Koch, Spencer and Grimes",sstammirs85@squarespace.com,6222 Knutson Avenue,+86 836 586 6929
295,Paucek-Hackett,scheer86@over-blog.com,23327 Bluestem Drive,+86 598 227 4779
296,Greenholt and Sons,tcolthard87@spotify.com,48 Vermont Pass,+57 753 428 0742
297,Stamm Inc,rcrolly88@mtv.com,91418 Muir Circle,+33 630 533 0137
298,Pacocha LLC,stierney89@ustream.tv,514 Thompson Avenue,+93 281 903 3752
299,Kohler-Smith,cdaniels8a@xrea.com,469 Pawling Court,+502 331 163 9839
300,"Mertz, Collier and Rowe",llaidlow8b@wired.com,022 La Follette Terrace,+86 954 368 0071
301,"Lesch, Schumm and Boehm",gkarby8c@jigsy.com,72295 Fulton Terrace,+670 140 497 0515
302,"Brown, Goyette and Tremblay",lclemo8d@ezinearticles.com,02737 Norway Maple Circle,+7 806 869 7053
303,Greenfelder and Sons,mcassels8e@mysql.com,6105 Harbort Avenue,+993 852 999 6270
304,Armstrong-Corkery,pmorphet8f@vistaprint.com,2323 Forest Point,+7 779 821 0412
305,"Hamill, Morissette and Hoppe",egilley8g@nifty.com,2119 Pawling Place,+420 988 712 2454
306,"Bashirian, Schmitt and Botsford",flushey8h@springer.com,425 Hoard Avenue,+48 250 939 5251
307,"Gutmann, Bergnaum and Farrell",yjohnstone8i@list-manage.com,1759 Westridge Alley,+84 917 652 1905
308,"Yundt, Anderson and Cummerata",lhannaway8j@forbes.com,019 Sutteridge Point,+98 560 967 7915
309,Labadie-Dietrich,babrahamoff8k@nsw.gov.au,96074 Westerfield Junction,+86 821 318 9405
310,"Larkin, Schaden and Doyle",rgulberg8l@hubpages.com,57 Columbus Lane,+52 883 896 7241
311,Bartoletti-Daugherty,dmeineken8m@telegraph.co.uk,4899 Tomscot Junction,+62 889 746 0278
312,Pfannerstill-Maggio,kmcelwee8n@irs.gov,49 Crescent Oaks Street,+54 694 362 9734
313,Keeling-Powlowski,awrout8o@google.com.br,7087 3rd Point,+36 638 775 0990
314,Nader Group,hdeelay8p@about.me,246 Monument Trail,+63 290 606 0367
315,Buckridge Group,awhitington8q@vistaprint.com,0373 Bonner Avenue,+380 339 746 2047
316,O'Hara-Walter,jhambers8r@storify.com,61 Dexter Way,+62 537 435 3813
317,Herman-Hickle,lpirie8s@slashdot.org,2 Elka Avenue,+355 542 963 4037
318,Rolfson LLC,tstoltz8t@people.com.cn,19 Chinook Way,+62 453 455 5364
319,Konopelski Group,lkuhnwald8u@wikipedia.org,93489 Florence Avenue,+7 844 304 7532
320,Jaskolski Group,nmarcum8v@deliciousdays.com,8727 Hoard Street,+86 286 899 2991
321,"McKenzie, Dickens and Willms",cwildash8w@latimes.com,60889 Lotheville Road,+86 270 951 8395
322,Ratke-Koss,jcaunce8x@myspace.com,1607 Spaight Avenue,+62 931 681 5835
323,"Prosacco, Stark and Rempel",mhatchette8y@wikia.com,469 Arkansas Way,+86 675 552 8986
324,Gutkowski-Breitenberg,edelong8z@harvard.edu,656 Center Court,+86 104 216 5778
325,Kuhlman LLC,qwoodcroft90@dailymail.co.uk,61022 Gale Terrace,+86 862 538 1886
326,Gutmann-Kling,paubert91@businessinsider.com,8497 Mayer Street,+62 404 539 1958
327,Jenkins LLC,efoyster92@nsw.gov.au,861 Autumn Leaf Center,+234 479 453 8076
328,Bergstrom-Durgan,mfrostdyke93@va.gov,4446 Scofield Crossing,+66 836 630 7849
329,Prohaska and Sons,rwyeld94@addtoany.com,754 Express Pass,+355 494 473 1327
330,Graham LLC,kdefty95@phoca.cz,0 Northport Court,+86 877 548 4899
331,Cormier-Abernathy,ofoulgham96@woothemes.com,29723 Carey Crossing,+63 767 344 5716
332,Reinger-Batz,akassidy97@webeden.co.uk,13 Florence Crossing,+33 848 257 7879
333,O'Hara LLC,gernke98@163.com,27857 Valley Edge Junction,+963 811 374 4744
334,Terry Inc,dmcgruar99@bravesites.com,7 Mesta Junction,+30 538 535 1775
335,Mohr-Koss,jmclafferty9a@cornell.edu,18 Grim Park,+63 965 616 0387
336,Conn Inc,wminero9b@mtv.com,6357 Burrows Lane,+691 537 153 1221
337,"Veum, Strosin and Runolfsson",mstocky9c@ft.com,25313 Parkside Circle,+63 275 460 6576
338,Sanford-Larson,sslark9d@php.net,00 Farwell Street,+86 804 355 8916
339,Bogan and Sons,mbegg9e@cyberchimps.com,98222 Sunfield Circle,+55 602 430 7477
340,Heidenreich Inc,lcowlard9f@ucsd.edu,261 Logan Way,+86 707 892 0121
341,Nikolaus-Monahan,bramstead9g@discuz.net,2 Dryden Way,+86 657 841 9829
342,"Price, Moore and Fadel",sliveley9h@toplist.cz,7625 North Crossing,+86 377 531 8959
343,Adams-Gaylord,mnorthwood9i@icio.us,262 Reinke Pass,+972 131 976 5489
344,"Tillman, Gaylord and Weissnat",sgepp9j@chicagotribune.com,55350 Anniversary Avenue,+221 215 229 5697
345,"Little, Schimmel and Turner",fwolfit9k@trellian.com,0 Green Trail,+62 703 425 3765
346,"Nolan, Collins and West",vgabites9l@dion.ne.jp,9 Everett Place,+30 376 696 7103
347,Flatley Inc,adany9m@360.cn,03 Lien Alley,+95 696 510 0540
348,Sipes and Sons,cwheelton9n@skype.com,10 Tennyson Circle,+86 481 865 8918
349,Lindgren Inc,sbernade9o@mtv.com,1 Lawn Road,+86 872 351 3349
350,"Wyman, Fritsch and Kemmer",pbrood9p@kickstarter.com,0163 Sheridan Circle,+254 471 253 4443
351,Hammes and Sons,clathee9q@webmd.com,27 Almo Drive,+420 906 985 9612
352,Kuhn Group,kharken9r@dmoz.org,473 Summer Ridge Parkway,+46 477 517 4847
353,Hettinger-Oberbrunner,gmilson9s@dailymotion.com,9 Elmside Park,+52 437 363 3732
354,Durgan-Shields,cclaw9t@xrea.com,69 Bellgrove Trail,+86 812 925 6394
355,Streich and Sons,bodwyer9u@sogou.com,5 Emmet Park,+86 465 179 8040
356,"Marvin, Beer and Flatley",jdimatteo9v@diigo.com,89776 Petterle Court,+51 486 195 6442
357,Beatty LLC,fferrieres9w@histats.com,6 7th Road,+1 198 986 7447
358,"Barrows, Muller and Rau",lmcmearty9x@paypal.com,72118 Everett Lane,+62 485 205 9495
359,"Toy, Hermann and Conn",bmacalinden9y@economist.com,1 Reindahl Terrace,+62 524 196 6428
360,Stehr-Schiller,brobrow9z@bbc.co.uk,31 Roth Point,+52 685 895 2713
361,Jones-Leannon,rhellewella0@youku.com,188 Dapin Alley,+967 801 361 2823
362,Walter Inc,ncargilla1@ezinearticles.com,24057 Eagle Crest Way,+66 305 924 1505
363,Douglas LLC,jmumforda2@wix.com,8811 Comanche Road,+48 805 959 3199
364,"Cruickshank, Nienow and Rutherford",asummerlya3@storify.com,1 Florence Hill,+7 491 965 0924
365,Hagenes-Swaniawski,mfullicka4@amazon.com,8 Dunning Pass,+216 814 829 8172
366,"Schimmel, Nienow and Monahan",lclicka5@51.la,44685 Dakota Way,+62 763 118 5986
367,Stracke Inc,elittlewooda6@china.com.cn,3 Heffernan Crossing,+380 288 842 9366
368,"Rolfson, Oberbrunner and Brakus",ivahla7@ocn.ne.jp,7 Logan Hill,+62 555 529 3645
369,"Dooley, Predovic and Ziemann",sodlina8@foxnews.com,7197 Ruskin Pass,+62 330 482 2047
370,Aufderhar Inc,mstrikea9@google.com.au,0 Waubesa Point,+351 925 337 6776
371,Terry and Sons,idiamondaa@histats.com,380 Stuart Terrace,+351 544 653 2536
372,"Kassulke, DuBuque and Huels",trayab@sciencedirect.com,98200 Quincy Avenue,+46 683 114 0791
373,Schultz Inc,aswinerdac@unblog.fr,8732 Heffernan Terrace,+86 177 604 5066
374,Homenick and Sons,jsellersad@skype.com,337 Summerview Park,+976 893 328 8858
375,Grant-Hane,arenahanae@ehow.com,42622 Crest Line Crossing,+86 219 839 1378
376,Bergstrom LLC,eovershottaf@rediff.com,1779 Myrtle Terrace,+86 817 194 0604
377,Bogisich-Carroll,pbeedag@baidu.com,58440 Grasskamp Drive,+55 688 241 3543
378,"Gerhold, Runolfsdottir and Padberg",pbierlingah@spiegel.de,7016 Bunting Center,+86 559 780 5132
379,Mohr-Stark,sschistlai@odnoklassniki.ru,5 Cody Alley,+62 339 410 1239
380,Bradtke-Lang,rcordelaj@sciencedaily.com,26844 Dovetail Terrace,+86 315 223 0420
381,Skiles Inc,tmattschasak@google.com.br,8 Eggendart Lane,+7 363 241 9599
382,"Lemke, Welch and Greenfelder",mpolkinhornal@multiply.com,24205 Scofield Court,+351 379 357 4199
383,Block LLC,nhoffmanam@mayoclinic.com,72 Hermina Terrace,+371 820 361 7078
384,"Jacobson, Runolfsdottir and Schumm",rrobjohnsan@japanpost.jp,66669 Iowa Circle,+63 256 489 6389
385,Zboncak-Casper,tbloisao@weibo.com,7 Killdeer Crossing,+46 596 515 2003
386,"Connelly, Grant and Johnston",bebbersap@clickbank.net,85538 Barby Plaza,+48 480 423 3643
387,Denesik-Monahan,hkemptonaq@bizjournals.com,446 Lotheville Drive,+970 239 832 2173
388,"Tillman, Schoen and Nicolas",rbremenar@howstuffworks.com,5 Onsgard Way,+62 852 670 2283
389,Murray LLC,imilaas@fotki.com,030 Express Pass,+55 165 468 4158
390,"Gutkowski, Eichmann and Mayer",jpergensat@icq.com,0 Leroy Alley,+62 850 199 0455
391,"Hoppe, Von and Sawayn",ttidgewellau@dedecms.com,80795 Ohio Parkway,+63 145 302 3854
392,Skiles-Wolf,bgreschkeav@noaa.gov,6 Ludington Way,+86 870 869 3131
393,Jenkins LLC,dpylkynytonaw@squidoo.com,0 Del Mar Lane,+7 347 641 4370
394,Dach Inc,fhanselax@yahoo.co.jp,8 Hintze Place,+7 852 704 1365
395,Langosh Inc,mroseay@nyu.edu,9 Killdeer Way,+62 949 943 6033
396,Macejkovic-Krajcik,rgatchellaz@army.mil,948 Starling Court,+7 982 508 2774
397,Prohaska-Mann,sportingaleb0@intel.com,64 Marcy Circle,+86 277 412 8083
398,"Wolff, Haley and Jacobi",ldobbieb1@harvard.edu,5 Esch Pass,+964 682 885 9348
399,"Bogisich, Kohler and Heller",acorbetb2@merriam-webster.com,75 Loeprich Drive,+7 451 789 4120
400,Miller Inc,mgerinb3@blogspot.com,4733 Cherokee Terrace,+63 309 998 5542
401,Ziemann-Schultz,gmullaneyb4@walmart.com,3 Elgar Park,+86 838 515 3251
402,"Mayer, Lubowitz and Tromp",bhousiauxb5@imageshack.us,26373 Forest Crossing,+298 740 324 0393
403,Johnston LLC,eshilstonb6@wisc.edu,2971 Sycamore Junction,+1 980 461 8115
404,Rodriguez-Wiegand,astorrockb7@ucla.edu,4931 Grayhawk Point,+47 487 602 3979
405,"Kris, Hirthe and Renner",pparsonageb8@privacy.gov.au,847 Tomscot Street,+355 467 657 2844
406,Wilkinson Group,dhankinsb9@whitehouse.gov,076 Gulseth Circle,+46 658 609 1498
407,Hackett Group,edoyleba@yandex.ru,64 Katie Avenue,+86 491 121 6921
408,Collier LLC,bsmowtonbb@jimdo.com,59 Heath Circle,+358 621 495 4431
409,Ryan Inc,lpardalbc@ucla.edu,692 Redwing Road,+86 900 430 9844
410,"Hodkiewicz, Cremin and Altenwerth",kdeetlofbd@amazon.co.uk,8 Lakewood Park,+1 173 593 5320
411,Toy-Kulas,mcopcuttbe@ameblo.jp,1 Park Meadow Avenue,+62 335 736 3909
412,Orn and Sons,kpawellekbf@businessweek.com,474 Monica Parkway,+27 998 494 3765
413,Dickens LLC,jnoenbg@instagram.com,1 Mcbride Way,+62 964 175 2095
414,Hackett-Schneider,badolfbh@gizmodo.com,2 Stang Street,+63 375 558 1089
415,"Lynch, Smith and Thompson",lnabarrobi@yellowpages.com,29444 Welch Parkway,+55 523 618 6424
416,"Donnelly, Greenholt and Donnelly",ddmytrykbj@nbcnews.com,08 Luster Junction,+81 664 302 0144
417,Predovic Inc,lringerbk@newyorker.com,423 Thompson Way,+380 617 448 3924
418,Carroll-D'Amore,birvingbl@engadget.com,27283 Springview Court,+94 383 446 7502
419,Keebler-Pfannerstill,myieldingbm@businesswire.com,43257 Brickson Park Junction,+81 600 140 6466
420,West-Rowe,ldelacourtbn@cmu.edu,33309 Parkside Avenue,+86 926 865 2847
421,Huels-Tillman,mbrackstonebo@elpais.com,52531 Debs Way,+82 699 411 1156
422,Conn-Cormier,asandersonbp@reverbnation.com,88590 Vidon Drive,+62 973 266 5963
423,"Heathcote, Witting and Kuvalis",cjuarabq@ox.ac.uk,9922 Union Park,+359 768 679 2020
424,Dare Inc,kportchmouthbr@mediafire.com,30 Fairfield Parkway,+86 147 278 9178
425,Haag-McGlynn,gdimatteobs@ox.ac.uk,80738 Morning Road,+1 257 343 7531
426,"Hilpert, Rogahn and Connelly",mrawdalesbt@unc.edu,5712 Schurz Lane,+54 998 339 7008
427,Aufderhar LLC,ajervisbu@mapquest.com,02101 Arizona Pass,+1 935 503 6436
428,Dach-Conn,lwignallbv@earthlink.net,5 Harper Hill,+970 172 664 8219
429,Windler LLC,cabramcikbw@mozilla.org,284 Judy Parkway,+251 788 101 9501
430,Pouros LLC,ddelahuntybx@intel.com,903 Reindahl Road,+86 845 145 2859
431,Wisozk-Harris,ochapelhowby@wp.com,6 Coolidge Trail,+385 484 737 1809
432,"Torphy, Jacobi and Grady",hspearesbz@fema.gov,3024 Lakewood Hill,+57 125 365 2359
433,Keebler LLC,eavrahamovc0@soundcloud.com,759 Johnson Crossing,+86 557 998 3573
434,"Bergstrom, Prohaska and Padberg",ptwinbournec1@ucoz.com,48 Vidon Center,+7 845 827 2868
435,Dare-Muller,ichooterc2@nytimes.com,6 Lyons Pass,+86 921 642 7568
436,Smitham-Willms,bgaleroc3@google.it,16397 Oxford Court,+33 261 634 7940
437,"Casper, Dickinson and Predovic",kdurnellc4@de.vu,39569 Fair Oaks Junction,+216 444 176 7659
438,Reilly LLC,fbellshamc5@photobucket.com,0031 Canary Center,+255 278 502 2240
439,"Stiedemann, Kutch and Heidenreich",dbierlingc6@booking.com,43074 Starling Center,+33 126 525 3039
440,Erdman Inc,fgarrudc7@mapquest.com,3086 Cardinal Terrace,+86 150 247 1955
441,Lockman-Keebler,gantwisc8@prnewswire.com,493 Crest Line Park,+62 808 411 4741
442,Veum Inc,tgosnallc9@xrea.com,62 John Wall Parkway,+62 153 967 6972
443,Thompson-Heaney,wbanbrickca@addtoany.com,104 Sutherland Junction,+62 840 967 8863
444,Dach and Sons,pleatoncb@macromedia.com,8 Waubesa Lane,+7 366 925 4667
445,"Okuneva, Dibbert and Green",ibaroccc@craigslist.org,9144 Rockefeller Drive,+995 219 840 5337
446,Donnelly-McCullough,ucolgravecd@macromedia.com,31323 Acker Circle,+420 668 436 0925
447,Blanda and Sons,stradewellce@blogspot.com,3 Anthes Drive,+963 199 878 9110
448,Watsica-Botsford,tflockhartcf@odnoklassniki.ru,1076 Melvin Road,+63 886 312 1477
449,Feeney Group,jkearneycg@github.com,5415 Merrick Terrace,+61 377 585 1490
450,Spencer LLC,jbottrellch@paypal.com,702 Westend Drive,+34 292 842 9916
451,"Upton, Crona and Yost",pdemschkeci@geocities.jp,9 Cody Parkway,+48 404 106 9489
452,"Barton, Klocko and Kuphal",tkarshcj@issuu.com,921 Prairieview Hill,+420 983 557 9431
453,Gleichner Group,rscrivinerck@shinystat.com,67 Monica Junction,+7 415 529 5379
454,Bednar and Sons,hwoodhamcl@tiny.cc,859 Westport Terrace,+381 865 752 8408
455,Rosenbaum-Halvorson,gcotacm@trellian.com,8408 Graedel Street,+1 410 904 9811
456,"Brown, Barrows and Pouros",lburberyecn@mail.ru,122 Loftsgordon Park,+380 887 639 8558
457,Fahey-Denesik,fskallsco@wiley.com,9439 Kensington Terrace,+351 716 823 0335
458,Kreiger-Goodwin,hmacaleescp@timesonline.co.uk,28102 Reinke Alley,+63 343 994 2264
459,"Schowalter, Larson and Hoppe",cgreenstreetcq@wufoo.com,7 Golf Point,+86 125 496 6695
460,"Kunde, Oberbrunner and Ratke",candrivotcr@trellian.com,99138 Coleman Avenue,+33 858 694 5206
461,Hodkiewicz-Hegmann,tproppercs@i2i.jp,6428 Menomonie Avenue,+86 168 486 4659
462,Emmerich Group,bcarmichaelct@go.com,6898 Porter Circle,+686 817 497 3124
463,Schiller-Lehner,bcobsoncu@mozilla.org,9445 Basil Court,+86 437 510 5532
464,Fahey-Bosco,lmatonincv@shutterfly.com,3759 Onsgard Trail,+51 257 386 4754
465,"Swift, Schroeder and Bashirian",rdavidovskycw@webeden.co.uk,30 2nd Court,+55 151 667 9462
466,"Carter, Parker and Zboncak",nmccoshcx@desdev.cn,228 Stephen Drive,+54 438 126 5886
467,Smitham-Ortiz,barnoultcy@unesco.org,847 Kingsford Plaza,+66 802 252 7208
468,Hauck Inc,sbartoletticz@loc.gov,84365 Hollow Ridge Alley,+86 569 873 9429
469,Beatty Group,motyd0@so-net.ne.jp,8 Montana Hill,+51 418 960 0151
470,"Von, Heathcote and Kreiger",crosgend1@sfgate.com,265 Algoma Circle,+351 929 802 8543
471,Mann and Sons,hbeched2@arizona.edu,1191 Logan Hill,+1 361 499 7636
472,Romaguera Group,vmasicd3@samsung.com,02865 Kenwood Center,+62 551 418 1853
473,"Nitzsche, Jacobi and O'Connell",jkeenord4@cam.ac.uk,3326 Marquette Trail,+7 828 209 5553
474,Mraz-Adams,zhuntingfordd5@china.com.cn,6 Bunting Way,+255 852 443 8005
475,"Legros, Quitzon and Pollich",lmcalisterd6@cdbaby.com,0192 Linden Place,+84 353 990 6550
476,Hoppe-Kilback,aedwardsond7@sitemeter.com,0 Bowman Place,+46 264 905 5532
477,"Bartell, Weber and Simonis",pkubickad8@google.pl,551 Pine View Court,+44 196 957 5502
478,"Marks, Harvey and Kunze",vschumacherd9@usnews.com,100 Hooker Lane,+62 259 673 2593
479,Marks Group,easplandda@discovery.com,76 Lunder Lane,+1 408 703 6509
480,Mraz and Sons,karchbelldb@apache.org,7 Derek Crossing,+62 434 810 3322
481,Harvey LLC,lbaldreedc@myspace.com,20 Moland Trail,+381 113 373 1200
482,Breitenberg Group,zsidawaydd@google.es,18 Loftsgordon Way,+374 854 544 6368
483,Hoeger Group,kgreshamde@noaa.gov,7 Drewry Avenue,+86 279 428 0769
484,"McCullough, Ankunding and Herman",cemiliendf@gnu.org,471 Moland Way,+55 262 106 3982
485,"Mayert, Gulgowski and Koss",dstoditdg@tinypic.com,4 Sommers Lane,+7 968 497 1380
486,"Crona, McDermott and Pfeffer",gmacgiffindh@nymag.com,05 Pepper Wood Lane,+255 710 813 2045
487,Prosacco-Buckridge,ctarbathdi@webnode.com,82784 Autumn Leaf Crossing,+420 777 850 6810
488,Lindgren Inc,ntwittydj@mapquest.com,9 Northland Road,+374 138 474 0273
489,"Considine, Bosco and Gottlieb",bthorsendk@scientificamerican.com,3 4th Trail,+86 769 556 1758
490,Schmitt-Green,gpouldendl@auda.org.au,63 Bonner Park,+33 588 355 7027
491,"Walter, Feil and Cremin",sglitherowdm@topsy.com,3126 Mitchell Trail,+7 919 612 9460
492,"Collins, Daugherty and VonRueden",ekalbererdn@jimdo.com,69 Hallows Park,+86 688 418 0007
493,Lubowitz-Heaney,fierlanddo@delicious.com,6 Southridge Crossing,+57 412 543 8246
494,"Keebler, Will and Fay",jcorzordp@bing.com,66 Orin Terrace,+86 397 104 7275
495,Rogahn Group,moneligandq@rakuten.co.jp,01 3rd Road,+84 674 804 0548
496,"Lehner, Bergnaum and Becker",efosterdr@umich.edu,81064 Helena Drive,+62 788 318 1973
497,Wolf-Robel,lpearmineds@blogs.com,524 Ridgeway Street,+33 168 818 9628
498,"Frami, Crona and Hyatt",lsimonuttidt@sciencedirect.com,2946 Barby Junction,+62 853 195 6815
499,"Robel, Towne and Hermann",emcgonigledu@rambler.ru,4058 Ramsey Terrace,+62 444 537 8505
500,Ernser and Sons,dwhettondv@livejournal.com,894 Birchwood Place,+48 487 119 6770
501,Zulauf-Macejkovic,gdurtnelldw@nbcnews.com,78 Di Loreto Parkway,+93 783 146 5489
502,"Wehner, Simonis and Hills",xbarusdx@artisteer.com,38 Manitowish Drive,+86 654 436 6212
503,Gusikowski-Beier,cashlindy@blinklist.com,820 Packers Hill,+389 353 708 6796
504,"Schmitt, Eichmann and Nolan",arigbydz@smugmug.com,12 Jackson Trail,+7 484 500 0352
505,Spencer and Sons,jmyhane0@geocities.com,1569 Bowman Hill,+380 402 932 8688
506,Harber-Huel,akapline1@china.com.cn,53 Blaine Terrace,+420 542 721 2045
507,Bechtelar-Daugherty,nsissote2@cmu.edu,30778 Armistice Lane,+502 626 972 1320
508,Reichel-Dach,eburleighe3@telegraph.co.uk,01 Brickson Park Lane,+63 258 180 1923
509,Pfeffer Group,gtrevinoe4@linkedin.com,15856 New Castle Road,+351 899 685 7689
510,Kertzmann-Russel,plongmaide5@ezinearticles.com,04164 Pine View Court,+240 224 929 4689
511,Mitchell-Bogan,mbettensone6@ucla.edu,19 Spaight Plaza,+63 775 166 0864
512,Farrell-Rodriguez,wdeeneye7@yellowbook.com,91472 Express Terrace,+54 245 418 8092
513,Jacobs Group,chutchine8@telegraph.co.uk,86 Packers Court,+1 879 389 8930
514,"Gleason, Quigley and Hudson",jexleye9@tripadvisor.com,9669 Delladonna Hill,+255 941 933 9379
515,McDermott Inc,hsalandinoea@squarespace.com,06 Monica Avenue,+46 976 435 8023
516,Bartell Group,mcridlaneb@reverbnation.com,7499 Mallory Point,+48 947 661 1687
517,"Bartell, Quigley and Sipes",abaccusec@twitpic.com,5653 Mccormick Drive,+86 937 167 0824
518,Ledner-Huel,ppyered@google.co.uk,735 Sheridan Avenue,+963 827 746 3353
519,"Volkman, Jacobi and Hills",crodenhurstee@nymag.com,7 Declaration Court,+55 846 988 9621
520,"Witting, Kirlin and Hessel",lhunnybunef@friendfeed.com,5 Dwight Court,+358 576 147 0999
521,"Cummings, Mayer and Lakin",fbreazealleg@weebly.com,04959 Pine View Drive,+62 448 961 2398
522,"Buckridge, Koepp and Zemlak",gguerolaeh@nytimes.com,8 Weeping Birch Crossing,+504 505 540 9469
523,Wiza Group,bginleyei@posterous.com,7983 Sage Court,+51 782 899 2457
524,O'Reilly and Sons,gbrafieldej@bravesites.com,9681 Waxwing Trail,+7 668 860 5310
525,Gerhold LLC,mburhouseek@rakuten.co.jp,15665 Bluestem Circle,+380 594 729 3007
526,Hodkiewicz-Kertzmann,eivanel@umn.edu,88 Green Ridge Way,+381 181 405 0336
527,"Hoeger, Bartell and Brekke",gdumbrellem@people.com.cn,46 Elgar Trail,+81 526 819 4696
528,"Heathcote, Muller and Klein",mdanceyen@loc.gov,086 Goodland Crossing,+63 604 768 1717
529,Spinka LLC,nlaurentineo@sourceforge.net,30259 4th Pass,+359 837 857 7715
530,Jacobi Group,emorenaep@flickr.com,017 Sauthoff Alley,+62 368 926 0796
531,Pollich-Quitzon,llidyardeq@nationalgeographic.com,0 Leroy Terrace,+249 308 369 0218
532,Macejkovic-Crist,eskallyer@gizmodo.com,0432 Northfield Court,+62 968 946 2248
533,"Vandervort, Ratke and Wisozk",rsestones@is.gd,6 Northfield Trail,+54 324 149 3462
534,Emard-Schroeder,rmarieet@xinhuanet.com,3 Village Hill,+380 247 256 7142
535,Schroeder-Thiel,rbruckentaleu@unblog.fr,5 Linden Crossing,+81 110 992 8541
536,D'Amore LLC,llumsdaineev@issuu.com,645 Esch Lane,+1 915 813 1430
537,Reilly-Gleichner,bhalsallew@uiuc.edu,68620 Claremont Avenue,+234 265 290 2677
538,Hickle Inc,abowdlerex@goo.gl,57 Express Point,+357 274 929 8042
539,Gleichner and Sons,bcreevyey@walmart.com,27054 Macpherson Center,+81 134 623 7641
540,"Bogisich, Johns and Nikolaus",kdissez@home.pl,181 Sherman Road,+234 730 797 6262
541,Smitham-Rau,rbooyf0@over-blog.com,260 Sunnyside Trail,+358 546 315 8991
542,Satterfield-Reinger,hgradwellf1@discuz.net,3 Elka Road,+63 794 824 1150
543,"Marks, Schmidt and Wuckert",vbrickdalef2@jalbum.net,04 Fremont Alley,+81 981 690 2410
544,Simonis-Bosco,myuillef3@1und1.de,45558 Blaine Plaza,+1 501 286 9530
545,Waters LLC,mbesemerf4@google.com.br,28 Ilene Street,+63 520 141 9649
546,Bogan Inc,lshellibeerf5@angelfire.com,6 East Crossing,+385 285 212 8917
547,"Spinka, Herzog and Bartoletti",uyolef6@163.com,4 Norway Maple Street,+55 998 982 0768
548,Beahan-Dietrich,pcahalinf7@ifeng.com,2838 Manley Terrace,+48 298 277 7336
549,Metz-Botsford,ekennetf8@statcounter.com,36818 Milwaukee Terrace,+351 395 754 1451
550,"Batz, Effertz and Koelpin",pbeedenf9@surveymonkey.com,23038 Farmco Trail,+48 803 923 9256
551,McGlynn LLC,lcunradofa@shareasale.com,6 Milwaukee Circle,+1 812 294 0602
552,Weimann and Sons,jloosmorefb@irs.gov,496 Golf View Park,+212 519 887 6687
553,Conroy Inc,fmoggfc@is.gd,22 Russell Street,+62 607 761 6480
554,Bahringer-Hirthe,jshrubsallfd@omniture.com,8 Tennyson Place,+1 280 665 6828
555,Wisozk Inc,mbuckeridgefe@redcross.org,0127 Manley Crossing,+30 985 512 7462
556,"Gleichner, Heaney and Nolan",pqueenboroughff@vkontakte.ru,72 Nancy Center,+63 541 134 1308
557,"Abernathy, Renner and Zboncak",mwickeyfg@bloglines.com,8 Eliot Way,+7 330 948 3405
558,Considine Group,mdellitfh@washington.edu,313 Linden Pass,+86 963 677 8293
559,"Gorczany, Wilderman and Hickle",nirvinfi@bloglines.com,190 Buena Vista Place,+60 842 144 1397
560,Kulas Group,kbinneyfj@ft.com,77696 Petterle Hill,+66 277 235 3986
561,Langosh-Osinski,cbettensonfk@php.net,0 Pennsylvania Lane,+1 404 860 5771
562,Dooley-Kling,ljaneckifl@nyu.edu,21 Northridge Pass,+352 365 815 1504
563,"Wunsch, Durgan and Cartwright",lmeehanfm@reference.com,18 Veith Trail,+1 608 581 4998
564,"Thompson, Hoeger and Sanford",nbusainfn@bing.com,93 Arrowood Street,+94 310 189 2417
565,DuBuque LLC,djevesfo@buzzfeed.com,6 Waubesa Center,+33 750 938 4131
566,"Casper, Howe and Quitzon",mwingarfp@walmart.com,711 Meadow Ridge Alley,+86 798 411 8649
567,"Reilly, Kozey and Simonis",tbrassillfq@hexun.com,7 7th Court,+93 706 706 7574
568,"Rice, Hoppe and Rice",hmacadiefr@alexa.com,0 4th Junction,+62 373 171 1108
569,Metz LLC,bhampshawfs@who.int,4 Express Center,+381 821 344 4038
570,"Quigley, Satterfield and Swift",pmaldinft@youtu.be,0468 Troy Hill,+86 558 843 2685
571,Anderson-Rohan,bcanefu@nymag.com,80935 Shelley Park,+593 374 153 2361
572,"Hudson, Gleason and Herman",hgiorgettifv@lulu.com,5 Killdeer Alley,+63 462 829 7934
573,Leuschke Inc,jfiennesfw@dion.ne.jp,24437 Maple Wood Road,+234 600 851 5747
574,"Green, Doyle and Jerde",ddowlefx@dell.com,403 Grim Terrace,+380 410 577 0584
575,Hartmann-Becker,gbaswallfy@myspace.com,83213 Spohn Center,+86 826 917 1592
576,Stehr Inc,fgrinawayfz@google.ca,2 Gale Hill,+62 332 649 6963
577,"Yost, Emard and Welch",kambroseg0@bizjournals.com,38856 Vermont Hill,+7 617 881 5808
578,"Mosciski, Larson and Kihn",mfisbeyg1@tinypic.com,166 Village Green Parkway,+994 464 698 0216
579,Leannon-Littel,myellg2@google.cn,4 Rockefeller Park,+63 806 303 2063
580,Hagenes-Bayer,steaserg3@cmu.edu,7 5th Trail,+92 879 886 4905
581,"Bergnaum, Hansen and Bayer",kbooteg4@altervista.org,2 Longview Center,+1 864 262 3294
582,Kulas Group,tcairnsg5@mapquest.com,0267 Arapahoe Road,+7 788 830 0051
583,Effertz Inc,adooherg6@weather.com,296 Killdeer Pass,+86 450 746 8609
584,Emard-Mitchell,gartinstallg7@google.pl,5165 Northfield Plaza,+86 918 710 4548
585,"Cormier, Fisher and Marks",mredmoreg8@hud.gov,82475 Dapin Alley,+7 358 691 2350
586,Luettgen and Sons,estoakg9@jigsy.com,96 Dahle Hill,+63 960 523 4252
587,"Rosenbaum, Metz and Bauch",ggreengrassga@constantcontact.com,45429 Pankratz Court,+86 167 706 5312
588,Welch-Zieme,jgittoesgb@patch.com,55 Lyons Center,+48 129 479 4500
589,Pouros-Mayert,tstilgogc@fema.gov,1 Moulton Plaza,+98 663 857 8113
590,"Parker, Kemmer and Ortiz",bcouthardgd@alexa.com,04596 Meadow Ridge Way,+86 862 873 7118
591,Kirlin-Harris,jmilange@arstechnica.com,10 Sachs Avenue,+33 747 963 9269
592,"Kihn, Murphy and Emmerich",abolzengf@chicagotribune.com,013 Nobel Point,+55 112 769 5408
593,Hegmann Inc,tkightlygg@java.com,595 Artisan Plaza,+1 990 630 1473
594,"Monahan, Fadel and Kautzer",kgraftonherbertgh@wikimedia.org,6335 Oriole Terrace,+380 674 411 4450
595,Schulist-Bosco,jmcomishgi@yahoo.co.jp,690 Merrick Crossing,+386 487 416 2602
596,"Schulist, Lockman and Johns",epillifantgj@java.com,4255 Village Green Trail,+351 297 782 4041
597,Boyle-Von,bradbornegk@istockphoto.com,3 Vera Lane,+86 578 257 4460
598,Jast Group,ddomnickgl@hhs.gov,92 Del Sol Pass,+86 772 464 5333
599,Deckow-Raynor,khaddletongm@etsy.com,435 Anhalt Avenue,+86 459 688 5962
600,"Mayer, Lemke and Larkin",gjacqueminotgn@psu.edu,3359 Sommers Crossing,+351 527 651 3633
601,"Conn, Treutel and Bayer",gcoengo@yahoo.co.jp,298 Bultman Place,+55 587 824 2138
602,Smith-White,rfrederickgp@wix.com,76659 Everett Pass,+670 441 288 2870
603,"Spinka, Pouros and Cole",kriegergq@tripod.com,7748 Steensland Place,+212 538 669 2975
604,Mueller and Sons,cbernardeschigr@sohu.com,8240 Del Sol Plaza,+27 696 896 5026
605,Prosacco-Wisozk,fwhitrodgs@netvibes.com,65189 Raven Drive,+86 346 676 3999
606,Moen Group,aannandalegt@businesswire.com,6 Bunting Hill,+86 441 856 4867
607,Huel-Skiles,dnorquaygu@seattletimes.com,554 Cherokee Avenue,+57 330 748 9678
608,"Rau, Lindgren and O'Reilly",clugggv@wiley.com,488 Mccormick Way,+81 622 170 2381
609,Wiegand-Mills,mpinchbackgw@shareasale.com,0 Mallard Court,+55 348 840 9776
610,Emard Inc,eclampegx@hostgator.com,4144 Hintze Hill,+86 592 487 6137
611,Kris-Watsica,jtantumgy@hibu.com,7 Fair Oaks Trail,+62 829 537 9424
612,Rolfson LLC,nleveringtongz@wordpress.org,55 Brickson Park Crossing,+216 270 565 7831
613,"Hansen, Lockman and Nienow",sdimeloeh0@soup.io,83208 Homewood Road,+380 990 362 3473
614,"Wehner, Osinski and Terry",bmaryotth1@discuz.net,4 Esker Pass,+86 610 742 8181
615,Medhurst-Gutkowski,rsalzbergh2@dailymail.co.uk,0 Debs Park,+20 687 311 3731
616,"Corkery, Boyer and Kuphal",ibriknerh3@blinklist.com,94971 Judy Pass,+236 371 714 0293
617,Hudson LLC,gedelh4@liveinternet.ru,7 Rusk Lane,+33 120 132 1649
618,"Lockman, Metz and Streich",afraniakh5@parallels.com,1724 Morning Alley,+63 264 575 1202
619,Lebsack LLC,gdufaurh6@blogger.com,541 Transport Parkway,+976 512 551 1852
620,Emmerich-Rosenbaum,csantonh7@aol.com,29378 Carioca Park,+351 852 974 3964
621,Bartell-Rohan,lmcquorkellh8@drupal.org,82202 Sommers Alley,+1 780 472 7792
622,Wiegand Inc,tbohlingh9@addthis.com,37758 Loeprich Avenue,+46 284 706 7293
623,"Jacobson, Cassin and Bergstrom",nkeetsha@aboutads.info,4 Leroy Crossing,+595 808 833 9369
624,Monahan Group,cpiochhb@geocities.jp,9873 Hovde Court,+63 801 289 4102
625,Swaniawski-Hessel,gtemplarhc@ucoz.ru,0 Wayridge Road,+1 774 664 4551
626,Konopelski-Abshire,bjasikhd@dmoz.org,776 Homewood Junction,+7 358 628 4396
627,Dietrich-Stroman,eclissellhe@intel.com,2952 Charing Cross Parkway,+1 998 478 9354
628,Stanton and Sons,wmountneyhf@ning.com,0 Sloan Street,+62 240 562 7363
629,"Hackett, Haley and Grady",sbetunhg@forbes.com,30079 Blue Bill Park Point,+351 452 250 0998
630,"Bechtelar, Berge and Olson",dbrassillhh@slate.com,508 Huxley Circle,+86 445 262 7472
631,Morissette and Sons,hmacleodhi@hhs.gov,959 Donald Parkway,+7 824 390 6552
632,White-Schinner,bmacfadzeanhj@barnesandnoble.com,63459 Esker Drive,+55 190 597 0311
633,Pollich Group,cchisletthk@goo.gl,5 Kedzie Street,+221 163 756 4622
634,"Volkman, Kuphal and Ziemann",vmarzelehl@answers.com,1010 Gina Hill,+27 746 651 2042
635,Hessel Inc,rzapaterhm@nps.gov,02 Karstens Road,+264 487 385 9495
636,"King, Wyman and Gaylord",sragsdalehn@springer.com,5 Rieder Circle,+62 661 405 4349
637,"Reinger, Crooks and Kohler",eferencho@nps.gov,24 Goodland Court,+507 542 992 6736
638,"Cremin, Fadel and Gleason",rloweryhp@huffingtonpost.com,9021 Cordelia Road,+7 369 686 8243
639,"Walker, Murray and Barrows",ftolertonhq@shutterfly.com,5513 Pond Junction,+66 706 754 9836
640,"Trantow, Daugherty and Sawayn",mchittleburghhr@tripod.com,74375 Bellgrove Drive,+380 191 226 8497
641,Sauer Group,alidgertonhs@cpanel.net,945 Roth Road,+689 385 374 5148
642,"Bailey, Hagenes and Jacobson",gzanneliht@comsenz.com,61192 Forest Parkway,+48 678 611 1608
643,Kessler LLC,rgilbarthu@unblog.fr,71186 4th Terrace,+252 414 355 7527
644,Mills LLC,gcastertonhv@upenn.edu,04 Mayfield Road,+62 345 411 3134
645,"Gutkowski, Hilll and Von",jurpethhw@state.gov,1 Scofield Way,+351 769 358 2335
646,Bailey and Sons,ahubboldhx@icio.us,5517 Westend Pass,+86 790 666 2519
647,"Robel, Gottlieb and Carroll",rdartehy@ifeng.com,167 Manufacturers Crossing,+86 240 107 0960
648,Wolff and Sons,umorsleyhz@ning.com,59314 Grayhawk Place,+254 804 672 6630
649,Heller Group,amainwaringi0@samsung.com,596 Sherman Center,+7 207 704 6830
650,Funk-Goodwin,smcnameei1@printfriendly.com,353 Harbort Avenue,+62 756 341 6924
651,Grant and Sons,bwooderi2@tripadvisor.com,19 Burrows Center,+593 254 408 9661
652,"Steuber, Kuphal and Kutch",hclelli3@pbs.org,562 Katie Plaza,+63 496 158 4299
653,"Schinner, Crona and Zboncak",aguerolai4@acquirethisname.com,7479 Farragut Center,+63 816 412 7378
654,Glover Inc,eneamesi5@theguardian.com,6490 Bellgrove Park,+33 871 908 2112
655,Kihn-Leuschke,mlachaizei6@cbslocal.com,794 Eggendart Circle,+63 742 537 3934
656,"Reinger, Schroeder and Barrows",stroyi7@home.pl,5227 Anhalt Center,+351 773 518 1922
657,"Lubowitz, Farrell and Powlowski",bjakubiaki8@istockphoto.com,097 Dovetail Way,+351 722 582 3298
658,Tromp-MacGyver,shegleyi9@cbc.ca,2726 Rieder Trail,+60 403 850 6116
659,Hickle and Sons,mseivwrightia@pen.io,3 Dorton Crossing,+53 820 423 1274
660,"Lesch, Bednar and Bogan",hnixib@xinhuanet.com,16765 Kenwood Drive,+86 991 121 1811
661,Rogahn and Sons,dlovelic@facebook.com,56 Birchwood Plaza,+62 144 776 7635
662,Haag-Mann,lsticklerid@moonfruit.com,02 Chive Point,+7 460 661 3359
663,Weissnat-Torphy,fwisbyie@arizona.edu,28 Rowland Way,+55 860 345 7676
664,"Sauer, Rau and Borer",ebaigentif@tamu.edu,7920 Independence Crossing,+62 478 191 6767
665,Von-Grimes,asollamig@mysql.com,0362 Sutherland Hill,+57 671 303 2236
666,Ortiz Inc,hdimatteoih@is.gd,528 6th Terrace,+970 756 404 1404
667,"Boyer, O'Conner and Murazik",aguiuii@moonfruit.com,175 Bultman Pass,+1 414 360 1103
668,"Stanton, Olson and Cole",mlusheyij@va.gov,16246 Heffernan Pass,+359 204 422 7654
669,Batz-Hermiston,huttonik@lulu.com,900 Mifflin Junction,+375 679 165 3882
670,Christiansen Inc,xohearil@ebay.com,2 Old Shore Road,+46 824 453 2879
671,Ritchie Group,pfidoim@washingtonpost.com,3758 Grover Court,+86 196 819 0464
672,Medhurst-Schulist,scurnokin@mac.com,0 Buhler Terrace,+66 252 742 0371
673,"Lebsack, Ernser and Gibson",mnuddio@list-manage.com,3 Tennyson Circle,+7 698 121 6810
674,Mitchell and Sons,bahlinip@g.co,1 Division Junction,+20 873 678 6239
675,Wilkinson Inc,mfaltskogiq@bbb.org,0758 Dapin Avenue,+47 901 736 0933
676,"Mertz, Kuhn and Kunde",lmayneir@altervista.org,181 Drewry Street,+55 461 454 2907
677,Kerluke Inc,ahalmis@privacy.gov.au,23 Sunbrook Street,+62 284 668 4128
678,"Cormier, Bogan and Schmitt",lkitherit@devhub.com,48 Manley Terrace,+86 398 872 4640
679,"Brekke, Torphy and Buckridge",lanyeneiu@admin.ch,71835 Summit Way,+46 698 761 5579
680,Jacobs Group,mpurkessiv@phoca.cz,55 Veith Avenue,+62 218 237 9171
681,Cronin Group,nrojahniw@webnode.com,56654 Kropf Parkway,+86 317 813 8695
682,Paucek-Moore,kcregeenix@php.net,17791 Thompson Road,+86 587 246 9062
683,McCullough-Boehm,rspellicyiy@purevolume.com,0596 Sunnyside Crossing,+62 166 710 2327
684,Anderson-Bogan,gscorthorneiz@businesswire.com,0548 Artisan Parkway,+351 765 976 1475
685,Kuphal Inc,jcollumj0@microsoft.com,0534 Helena Park,+31 422 485 4609
686,"Jacobson, Monahan and Ebert",fklemensiewiczj1@w3.org,87 Southridge Park,+593 942 672 3513
687,Breitenberg-Gorczany,mbolliverj2@creativecommons.org,398 Charing Cross Point,+62 346 814 2406
688,Willms Group,dscreechj3@umn.edu,0779 Fallview Trail,+63 347 429 2337
689,"Gislason, Christiansen and Hammes",rgoanej4@amazon.com,8 Corry Crossing,+62 429 654 7424
690,Breitenberg LLC,cmilchj5@google.com.br,87605 Vahlen Lane,+62 781 636 4811
691,Dibbert-Kulas,bmealandj6@prweb.com,64828 Dorton Street,+86 326 272 0365
692,Ankunding-Lubowitz,mallmarkj7@tripod.com,985 Rigney Court,+234 217 670 3924
693,Bashirian Group,lbeakj8@fastcompany.com,4 Garrison Junction,+33 306 591 7107
694,Hettinger-Kub,dbartkowiakj9@163.com,04398 Monterey Terrace,+63 574 651 0226
695,"Nikolaus, Lang and Johnston",jtowellja@purevolume.com,26345 Hintze Parkway,+62 261 416 5801
696,Stoltenberg-Wisoky,wretallackjb@bbb.org,0 Northridge Park,+86 351 363 2725
697,"Kuvalis, Johnston and Rowe",cdraxfordjc@goo.gl,50 Brickson Park Terrace,+7 769 698 8837
698,"Sporer, Hand and Dare",kgarvilljd@rediff.com,120 Waywood Lane,+31 208 140 8365
699,Rosenbaum and Sons,nlomisje@reddit.com,79 Eagan Circle,+7 434 124 6066
700,Ritchie-Bergnaum,rweedjf@cdc.gov,57005 Harper Plaza,+81 182 207 1190
701,Pouros-Mann,lnapoleonejg@foxnews.com,10 Elka Terrace,+351 458 844 6511
702,"Gleichner, Ryan and Yundt",pivanyukovjh@economist.com,75571 Elgar Hill,+976 321 952 5049
703,Blanda Group,crafterji@kickstarter.com,0 Lighthouse Bay Terrace,+55 210 616 6900
704,Swift Inc,dkohrsenjj@bing.com,73 Oak Valley Junction,+1 562 946 2579
705,Gaylord-Rempel,gyurinovjk@vistaprint.com,805 Dawn Terrace,+995 948 752 3669
706,Oberbrunner and Sons,gpoweleejl@earthlink.net,045 Carioca Trail,+504 227 855 6926
707,"Ritchie, Wiza and Weber",tsatterfittjm@i2i.jp,5 Buell Drive,+380 384 644 3229
708,"Eichmann, Gleason and Bernhard",cpirouetjn@nytimes.com,08853 Lerdahl Pass,+48 107 955 8993
709,Braun-Streich,jzanicchijo@comcast.net,0822 Lindbergh Trail,+7 345 757 5093
710,Moen and Sons,lpalisterjp@blogtalkradio.com,794 Maywood Trail,+86 221 474 9697
711,Pouros LLC,rbecksonjq@people.com.cn,83 Sutherland Parkway,+1 930 682 0092
712,Braun and Sons,wdurantjr@bandcamp.com,1970 Farmco Way,+62 816 404 3897
713,Reichert-Davis,lhogganjs@1und1.de,1620 Hagan Place,+7 841 723 7045
714,Paucek-Block,mottamjt@bandcamp.com,8407 Bobwhite Center,+53 616 544 0622
715,Donnelly Inc,bzienkiewiczju@bloomberg.com,2 Shasta Circle,+63 631 516 3191
716,Hauck Inc,obarkshirejv@altervista.org,003 Saint Paul Road,+7 356 986 3907
717,Sipes Inc,sgaukrodgejw@washington.edu,82 Prentice Parkway,+86 729 387 4342
718,"West, Feest and Borer",esanperejx@furl.net,699 Nancy Place,+63 860 105 6461
719,Barrows-Ryan,whorleyjy@dion.ne.jp,5969 Farwell Lane,+593 744 802 4537
720,Koch Group,rgreenleesjz@state.gov,6676 Erie Avenue,+1 702 871 8734
721,Morissette and Sons,mfidelerk0@cbsnews.com,26 Marcy Alley,+86 544 242 7180
722,Beahan Group,mvannk1@networksolutions.com,771 Barby Alley,+1 217 645 2307
723,Barrows-Reichert,afawlok2@tripadvisor.com,3 Stuart Hill,+48 831 900 8019
724,Bartoletti Group,hhoodspethk3@yellowbook.com,277 Darwin Lane,+7 164 419 0489
725,Friesen-MacGyver,wriglerk4@goo.ne.jp,058 Twin Pines Hill,+351 460 163 2055
726,Parisian-Beahan,hscottsk5@trellian.com,321 Becker Trail,+86 484 112 4526
727,Douglas-Crooks,fburwink6@npr.org,1 Dottie Parkway,+48 797 628 7367
728,Berge-Ebert,gheerank7@ed.gov,42819 Fisk Center,+62 530 504 3996
729,Kshlerin Inc,cglavek8@feedburner.com,50969 Muir Avenue,+55 396 990 7129
730,Crist Group,ablythk9@blogger.com,758 Tomscot Pass,+7 923 386 3922
731,Mann-Cronin,jgowrieka@dailymotion.com,04 Killdeer Point,+380 497 743 1964
732,Reynolds-Boyer,twasbroughkb@myspace.com,515 Carberry Trail,+62 459 688 5687
733,Bergnaum-Ruecker,gpindellkc@mail.ru,6741 Portage Place,+55 399 990 6350
734,"Ruecker, Leuschke and Swaniawski",srennockskd@stanford.edu,8654 Russell Court,+57 124 262 2440
735,"Walsh, Daugherty and Reichert",bbenitoke@yandex.ru,71597 Arizona Way,+351 526 876 6655
736,"Kiehn, Rowe and Rutherford",jsturgeskf@goodreads.com,1907 Dakota Hill,+48 388 972 7117
737,"Kutch, Crist and Kemmer",kstolbergerkg@weather.com,904 Clove Plaza,+351 665 999 0656
738,Lesch LLC,rkrellekh@ycombinator.com,0584 Charing Cross Parkway,+31 843 148 4446
739,Herman LLC,bjiruski@linkedin.com,80781 Golf Course Avenue,+48 607 954 6692
740,"Jerde, Brekke and Lubowitz",dhourihankj@blog.com,308 Hanover Way,+86 299 272 0245
741,Bradtke-Kulas,hpynnerkk@xrea.com,3772 Shasta Junction,+358 275 409 8033
742,"Wehner, Braun and Yost",ablakedenkl@ebay.co.uk,6 Talmadge Junction,+62 830 814 7610
743,Graham LLC,ppabelkm@pagesperso-orange.fr,5808 Riverside Crossing,+7 156 518 5596
744,"Wiegand, Lebsack and Funk",rjancakn@eventbrite.com,54288 Mesta Trail,+62 683 949 8948
745,Ernser-Nikolaus,kelijahko@sourceforge.net,95 Hallows Place,+62 414 759 9437
746,"Metz, Dare and Glover",tingrykp@mapquest.com,9 Stone Corner Plaza,+66 154 160 4355
747,"Pouros, Senger and Douglas",acolvinkq@bloomberg.com,7 Hayes Center,+351 691 338 1043
748,"Moen, Rohan and Kuhlman",amcgeniskr@behance.net,279 Lotheville Plaza,+33 481 108 1152
749,Borer-O'Conner,sthorsbyks@eventbrite.com,6 Oak Valley Court,+51 910 827 4789
750,Beahan Inc,cmcwilliamkt@zdnet.com,090 Milwaukee Road,+33 554 951 5420
751,Konopelski-Orn,dwoodcockku@sitemeter.com,9615 Haas Court,+30 976 217 8039
752,Jaskolski LLC,iholsteinkv@cisco.com,8 Russell Junction,+86 754 889 0382
753,Mann-Volkman,rblythkw@abc.net.au,103 Stephen Way,+62 139 269 2936
754,Thiel-Turcotte,lhudlestonkx@wordpress.org,3795 Fulton Place,+63 659 529 6206
755,"Russel, Bosco and Mosciski",pheidenky@seattletimes.com,6 Bonner Alley,+86 341 726 3835
756,White-Swift,praitiekz@aol.com,6 Talmadge Court,+63 538 519 7899
757,Wiegand-Pollich,epirril0@shop-pro.jp,0 Bartillon Hill,+57 677 752 4906
758,Mraz-Purdy,rmcinnesl1@ted.com,7 Oak Valley Place,+86 488 685 2659
759,Wisozk-Wisozk,ldulsonl2@marketwatch.com,85804 Tomscot Hill,+86 799 864 0842
760,Hodkiewicz and Sons,swrenchl3@mtv.com,6 Kingsford Crossing,+62 553 991 3384
761,Streich LLC,scocksedgel4@cpanel.net,2321 Fisk Plaza,+86 217 755 8393
762,Dooley-Quigley,wjedraszekl5@plala.or.jp,76 Leroy Park,+375 187 843 5198
763,Rosenbaum-Romaguera,oberringerl6@simplemachines.org,096 Butterfield Drive,+86 518 400 9295
764,"Cummings, Lindgren and Thiel",cfairhalll7@businessweek.com,26034 Dawn Way,+94 492 570 1145
765,"Murphy, Stehr and Herman",lmumbesonl8@techcrunch.com,8 Tennyson Court,+355 954 874 6130
766,Bartell Group,vcarlettl9@wikipedia.org,37 Lunder Point,+1 780 541 0180
767,Skiles-Lehner,hshoorbrookela@comcast.net,44999 Charing Cross Hill,+420 735 881 0830
768,Bernier-Waelchi,hmithunlb@seesaa.net,80690 Maple Park,+61 808 363 9580
769,Stroman and Sons,mskaifelc@dyndns.org,457 Elgar Avenue,+996 649 809 1743
770,Oberbrunner and Sons,csedgerld@macromedia.com,8938 Everett Center,+55 845 751 1065
771,Romaguera-Zboncak,tstollsteimerle@odnoklassniki.ru,208 Del Mar Way,+81 860 825 8233
772,Batz LLC,ukornaslf@pinterest.com,168 Hermina Junction,+84 615 763 1265
773,Gaylord Group,tlabanlg@prlog.org,48533 Milwaukee Crossing,+86 639 259 4355
774,Bahringer LLC,aborsilh@bloglovin.com,1 Superior Lane,+509 495 876 1607
775,Corwin LLC,fastlattli@timesonline.co.uk,17652 Warner Avenue,+86 347 439 3130
776,Dooley Inc,rkinglj@last.fm,82 Bowman Center,+504 808 110 5374
777,Pfannerstill and Sons,lmccrorielk@abc.net.au,31790 Shopko Parkway,+389 308 465 7804
778,"Volkman, Tillman and Fisher",cdigweedll@hugedomains.com,10 Emmet Crossing,+63 321 435 4205
779,Padberg-Toy,awernhamlm@vkontakte.ru,716 Trailsway Circle,+46 572 518 6729
780,"Johns, O'Hara and Wolff",estanlickln@bloomberg.com,13 Wayridge Drive,+46 423 538 4609
781,Raynor Inc,jdunslo@pen.io,20332 Moose Terrace,+27 668 673 9495
782,Gaylord Group,dcalleylp@xrea.com,81319 Leroy Court,+53 502 902 6186
783,Stracke Inc,vfromontlq@theatlantic.com,19564 Huxley Junction,+46 130 998 5264
784,Watsica-McGlynn,searlelr@go.com,97267 Spaight Plaza,+62 911 932 1226
785,Fisher Group,mheinzells@bloomberg.com,70 Rockefeller Road,+86 999 178 8661
786,"Shields, Cronin and Beier",hmoehlelt@ameblo.jp,36088 Buell Park,+62 743 460 3152
787,Collins Inc,nmeaneylu@sogou.com,8482 Grasskamp Trail,+30 220 841 7784
788,Bruen LLC,askuneslv@fastcompany.com,1971 Butterfield Court,+234 808 446 8407
789,Rice-Robel,kfilipiaklw@nydailynews.com,1 Dexter Circle,+47 759 597 9441
790,Wintheiser-Medhurst,iblaislx@mashable.com,22938 Rigney Point,+86 911 366 3498
791,"Runte, Farrell and Gusikowski",amattiazzily@cbc.ca,960 Fuller Hill,+963 380 711 3283
792,Bode Group,cberryannlz@cnbc.com,23 Katie Park,+86 384 631 0789
793,"Wilkinson, Koch and Luettgen",rbabinm0@state.tx.us,2382 Union Point,+223 688 969 6114
794,Walsh Group,fbaggettm1@ibm.com,12 Bultman Circle,+54 145 199 4005
795,"Upton, McGlynn and Keeling",atrippm2@oaic.gov.au,6556 Norway Maple Drive,+55 658 432 0039
796,"Emmerich, Rath and Hayes",mradbonem3@bloglovin.com,9 Haas Way,+81 665 444 9153
797,Feest and Sons,sdanterm4@economist.com,9038 Kipling Lane,+86 210 267 4585
798,Hamill Inc,jbridgewoodm5@epa.gov,7 Blue Bill Park Plaza,+48 305 110 0816
799,Jenkins-Hoppe,lmandifieldm6@surveymonkey.com,37844 Browning Center,+63 505 383 5531
800,"Hickle, Heidenreich and Roberts",jphippsm7@yahoo.com,18064 Claremont Crossing,+503 454 920 0728
801,Fahey LLC,amcilheranm8@microsoft.com,10269 Anthes Avenue,+86 988 966 3878
802,"Wintheiser, Torphy and McClure",jelmanm9@free.fr,4197 Michigan Parkway,+93 777 661 2910
803,Bahringer Group,lbarmadierma@diigo.com,8762 Montana Lane,+93 844 656 1248
804,Shields-Pfannerstill,mdefaumb@sitemeter.com,92507 Birchwood Road,+351 947 485 7959
805,Thiel-McCullough,ebroadheadmc@vkontakte.ru,93028 Cascade Terrace,+63 526 896 4745
806,"Grant, Lebsack and Thiel",dshearermd@dyndns.org,1769 Brentwood Parkway,+62 299 447 4795
807,Breitenberg Group,twildsmithme@oaic.gov.au,0964 Butternut Point,+93 594 739 3580
808,Grant-Armstrong,lcorpemf@sfgate.com,9 Coleman Terrace,+86 841 387 1003
809,"Corwin, Pacocha and Weissnat",cbootymanmg@sourceforge.net,719 1st Hill,+1 226 165 9815
810,Ortiz LLC,vmcginlaymh@google.co.jp,412 Gulseth Circle,+48 953 451 2082
811,"Kling, Zieme and Cartwright",cmansellmi@auda.org.au,757 Fisk Court,+55 294 350 6489
812,"Aufderhar, Johnson and Pfeffer",bliversedgemj@goo.ne.jp,4 Elmside Park,+46 285 809 2532
813,"Zemlak, Wehner and Hayes",kenderleinmk@cyberchimps.com,1617 Northland Pass,+1 775 603 9878
814,Carroll Group,nborthml@nsw.gov.au,19 Hanover Circle,+92 813 683 7629
815,"Prohaska, Hintz and Baumbach",ehemblingmm@xrea.com,4 Duke Street,+48 148 273 8943
816,"Bahringer, Langworth and Fritsch",lhargeriemn@bluehost.com,32296 Hoffman Way,+1 785 140 1362
817,Zieme-Mann,diacobinimo@cdbaby.com,1127 Luster Place,+63 792 867 1700
818,Moore-Waelchi,sassindermp@over-blog.com,5456 Debra Hill,+1 325 194 9998
819,Erdman-Ryan,vsaundersmq@imageshack.us,912 Hansons Center,+86 168 853 5543
820,"Morar, Blick and Lang",egoscarmr@macromedia.com,0 Eastlawn Trail,+81 480 327 3045
821,Hamill Group,ameddms@marriott.com,380 Surrey Point,+351 712 461 5552
822,Nitzsche-Barton,fcrosemt@msu.edu,09516 Portage Point,+86 999 340 1250
823,Graham and Sons,proskamsmu@cdc.gov,75434 Ilene Street,+7 194 839 7220
824,"Wyman, Rice and Ryan",wlochranmv@cam.ac.uk,8 Lakeland Plaza,+86 937 577 4421
825,Kling and Sons,emcivormw@washingtonpost.com,47 Burrows Road,+54 140 518 9457
826,Cremin-Pfannerstill,wpartingtonmx@tumblr.com,3350 Drewry Street,+86 600 870 5790
827,Heidenreich Inc,kshapcottmy@dagondesign.com,69988 Dovetail Plaza,+63 881 234 9438
828,Bailey and Sons,pwoollacottmz@prweb.com,345 Dexter Way,+81 528 447 2829
829,Skiles-Bashirian,abertramn0@businessweek.com,296 Kingsford Park,+1 850 443 5440
830,Farrell LLC,wrotheryn1@wiley.com,62255 Old Gate Way,+62 332 340 8751
831,Willms and Sons,fpigneyn2@apple.com,81 Park Meadow Way,+62 630 447 1845
832,Rau-Marks,gbernhardtn3@ox.ac.uk,47828 Mosinee Point,+86 864 627 8795
833,Crist-Volkman,scronen4@economist.com,6 Toban Lane,+55 334 337 0824
834,"Murray, Schulist and Ullrich",mgiurion5@artisteer.com,41 Fairfield Avenue,+63 676 681 0317
835,"Stracke, Feest and Gusikowski",fkochlinn6@lycos.com,4076 Blackbird Drive,+1 757 288 4885
836,"Brown, Jones and Hoeger",kjopsonn7@sakura.ne.jp,13 Lyons Alley,+33 969 824 9491
837,Reichel Inc,aswiresn8@reference.com,11 Longview Circle,+355 397 674 2214
838,King Group,jeggertonn9@reddit.com,25780 Doe Crossing Terrace,+370 667 419 7371
839,Dare LLC,dguillotna@cdc.gov,82546 Harper Court,+48 942 195 6253
840,Hahn-Morar,ttwinboroughnb@guardian.co.uk,2 Springs Plaza,+381 848 430 2976
841,Harber-Stamm,dhisenc@bravesites.com,63 Blaine Park,+1 804 699 8809
842,Dietrich-Swift,jkitcatnd@state.tx.us,73 Lake View Parkway,+63 288 785 9490
843,Hilll-Gusikowski,dantczakne@hugedomains.com,4049 Thierer Parkway,+351 151 935 8564
844,Rau Inc,abertotnf@wikia.com,1730 Nevada Road,+55 325 280 5044
845,Hayes-O'Hara,agilsthorpeng@about.me,609 Jay Park,+84 838 383 1888
846,"Lindgren, Jerde and Herman",hdittsnh@pinterest.com,42 Farragut Lane,+7 612 339 5457
847,Bednar-Yundt,nespineni@wisc.edu,98055 Nevada Parkway,+62 713 772 0893
848,Kassulke-Streich,eshewnj@youtu.be,55 Union Parkway,+55 274 772 1447
849,Larson LLC,jmacilwricknk@360.cn,6 Golden Leaf Crossing,+502 862 963 4816
850,"Howell, Wuckert and Bernhard",rpinnegarnl@wordpress.org,6 Troy Park,+261 129 409 8804
851,"Deckow, Bailey and Swift",bcausleynm@amazon.de,1371 Reinke Avenue,+63 478 432 1598
852,"Bauch, Rowe and Watsica",rcrannnn@yolasite.com,87 Old Shore Place,+233 598 409 5739
853,Schmitt LLC,hdebruynno@thetimes.co.uk,6 Thackeray Park,+86 395 554 6393
854,"Mueller, Towne and Jerde",vsailornp@dailymail.co.uk,60 Erie Road,+86 735 248 1940
855,Klein Group,sjealnq@adobe.com,7039 Drewry Parkway,+63 233 188 7540
856,Price Group,jgirodiasnr@ameblo.jp,895 Prairie Rose Crossing,+66 652 634 1110
857,Weimann and Sons,sknappens@unesco.org,76419 Mallard Drive,+86 749 311 1001
858,Lindgren Inc,ncockburnnt@ovh.net,97 Holmberg Center,+20 934 843 3498
859,Bogisich Group,gallendernu@who.int,734 Anhalt Pass,+86 496 795 4422
860,"Zulauf, O'Reilly and O'Connell",pneevesnv@free.fr,861 Badeau Drive,+48 694 920 8880
861,Haag and Sons,bambroznw@theatlantic.com,387 Marquette Plaza,+502 151 904 5928
862,"Doyle, Doyle and Labadie",hvaughannx@ebay.com,3 Cherokee Avenue,+86 230 361 6212
863,Schowalter LLC,sdrakesny@umn.edu,9 Anderson Alley,+81 544 927 0654
864,Sawayn-Hansen,gantognazzinz@shop-pro.jp,291 Veith Plaza,+63 872 463 5167
865,"Connelly, Parker and Abbott",dcollynso0@theglobeandmail.com,73545 5th Crossing,+33 129 553 0277
866,Zemlak and Sons,cmorriceo1@tripadvisor.com,03266 Hansons Hill,+54 665 864 1634
867,"Connelly, Donnelly and Runolfsson",istollhofero2@mail.ru,99300 Crest Line Avenue,+27 837 164 6867
868,"Jenkins, Heaney and Hintz",kpitkinso3@trellian.com,6 Coleman Street,+86 406 364 1714
869,Schowalter LLC,aleaso4@youku.com,0155 Carberry Way,+81 352 366 3281
870,VonRueden LLC,pcarnoghano5@wikia.com,1976 Talmadge Drive,+55 441 643 7061
871,"Ortiz, Gutkowski and Bechtelar",jspereo6@elpais.com,855 Prairieview Circle,+86 747 702 0564
872,Casper-Altenwerth,fthreddero7@dyndns.org,00 Homewood Junction,+62 168 276 9976
873,Mitchell and Sons,fladbrooko8@java.com,8 Scott Parkway,+48 892 675 3115
874,"Metz, Renner and Larkin",cmackillo9@google.nl,54 Katie Lane,+52 369 402 6715
875,"Sanford, Rempel and Wolf",mteacyoa@amazon.de,10 Southridge Lane,+95 955 809 2034
876,Vandervort LLC,gprudhamob@over-blog.com,474 Lakewood Plaza,+7 545 384 4194
877,"Reilly, Fahey and Kuhic",bgoakesoc@house.gov,870 Merrick Drive,+86 707 834 9084
878,"Bauch, Hauck and Parker",mcrowtherod@example.com,60 Corry Trail,+1 690 921 4185
879,Gutmann LLC,tmendeloe@utexas.edu,55 Mariners Cove Alley,+20 727 986 8293
880,Hintz-Rippin,vantonchikof@umn.edu,34 Saint Paul Road,+86 763 368 4763
881,"Veum, Langosh and Ritchie",sbutlinog@youtu.be,5566 Trailsway Trail,+63 302 600 7315
882,"O'Connell, Windler and Wunsch",mbeckinsaleoh@businessinsider.com,80 Lukken Road,+62 844 503 1030
883,Koss-Braun,pnesbitoi@smh.com.au,897 Monica Trail,+598 482 218 2080
884,Wuckert Group,gclunanoj@hatena.ne.jp,0 Quincy Alley,+53 201 755 9749
885,"Feest, Hane and Franecki",rgoveok@ucoz.ru,89 Evergreen Street,+255 749 898 9426
886,"Dibbert, Mayert and Johnson",egrigoroniol@typepad.com,14 Orin Trail,+86 932 917 3689
887,"Champlin, Rowe and Hermann",lscurrahom@mlb.com,3 Kenwood Court,+389 670 569 8218
888,"Yundt, Lang and Lindgren",rvischion@spotify.com,59222 Helena Street,+33 270 168 4551
889,Weber and Sons,callbonoo@biglobe.ne.jp,3173 Scott Plaza,+62 188 996 5096
890,Ferry-Spinka,bchieseop@answers.com,65 Maryland Road,+44 732 791 2445
891,"Aufderhar, Kuhic and Dare",thenkenoq@sbwire.com,17 Stone Corner Terrace,+353 921 903 8582
892,Wisozk-Ward,smaletrattor@state.tx.us,85718 Maple Crossing,+81 129 182 6385
893,"Green, Terry and Stoltenberg",wdanilchenkoos@angelfire.com,89917 Merrick Court,+48 442 598 0298
894,Collins-Gulgowski,esolonot@ycombinator.com,1186 Lyons Pass,+254 706 412 1240
895,"Hoeger, Torphy and Hayes",ddonisoou@free.fr,8 Milwaukee Way,+1 231 200 6386
896,Schmidt Inc,lvineallov@blogtalkradio.com,59086 Clyde Gallagher Plaza,+30 603 913 5772
897,Bauch and Sons,cscheffelow@businesswire.com,44773 Manitowish Junction,+30 187 151 0670
898,Hagenes Inc,bfratczakox@ed.gov,349 Ryan Pass,+54 671 340 0926
899,"Smith, Hahn and Lemke",hhaslingoy@deviantart.com,6991 Rieder Lane,+420 477 719 7012
900,Maggio-White,gmarkeyoz@squarespace.com,2 Porter Hill,+374 119 153 1482
901,Hackett-Flatley,nhehnkep0@mayoclinic.com,4215 Claremont Lane,+86 878 643 0713
902,Rosenbaum LLC,mverrillop1@virginia.edu,3681 Basil Point,+1 534 927 1655
903,Sawayn-Labadie,cgilliardp2@quantcast.com,0 Hanover Drive,+62 366 854 6102
904,Wiegand Group,markowp3@mediafire.com,09 Almo Drive,+86 996 138 0493
905,Lang-Sanford,cbollonp4@cbsnews.com,43 Fieldstone Plaza,+48 414 549 0446
906,Becker Group,dgrahlp5@army.mil,51 Burning Wood Pass,+41 137 186 2667
907,Dare-Dooley,pdivinap6@taobao.com,1924 Holmberg Place,+58 279 409 3701
908,"Bayer, Bode and Will",mfentyp7@last.fm,6 Forest Dale Drive,+34 706 678 6381
909,"Hilll, Dibbert and Ritchie",tguilliattp8@hud.gov,046 Northview Junction,+56 898 775 6617
910,"Collins, DuBuque and Hauck",bbrymnerp9@elegantthemes.com,971 Muir Lane,+7 983 846 8389
911,Paucek-Schultz,bkitcherpa@ed.gov,54765 Lindbergh Court,+351 713 198 8224
912,Lang Inc,abendixpb@msu.edu,77 Eagle Crest Point,+55 539 813 8158
913,"Heller, Gerhold and Lebsack",jsilcockspc@reuters.com,03237 Crowley Trail,+7 834 906 7821
914,Dickens Group,tmingetpd@ocn.ne.jp,52 New Castle Point,+86 465 643 5471
915,Smith-Blanda,rsabbinspe@yelp.com,2746 Lakewood Gardens Terrace,+33 724 572 9894
916,"Cummings, Legros and Wintheiser",vgartinpf@china.com.cn,47 Loomis Drive,+86 423 400 3231
917,"Stamm, Kovacek and Bartoletti",kclurowpg@bluehost.com,6 Mifflin Plaza,+86 372 480 4774
918,Simonis Inc,hrikardph@skyrock.com,78 Center Street,+62 221 887 6369
919,"Kassulke, Little and Lockman",mcoppenhallpi@google.com.au,15 Hoepker Alley,+86 240 244 2741
920,Lakin-Kreiger,sassirattipj@joomla.org,8464 Dayton Plaza,+86 619 324 8867
921,Jones Group,bjunkisonpk@printfriendly.com,650 Rowland Terrace,+258 817 159 2016
922,Gorczany Inc,aivantsovpl@google.ca,1 Esker Circle,+63 541 199 7265
923,Kuphal Inc,cparadycepm@typepad.com,5202 Algoma Street,+55 635 487 4950
924,Bogan LLC,chakonssonpn@wufoo.com,750 Memorial Point,+52 128 965 9155
925,Gibson-Thompson,alanstonpo@de.vu,1394 Dakota Road,+34 442 190 3093
926,"McDermott, Wolff and Tromp",gdallonpp@unicef.org,08347 Vidon Circle,+86 978 890 9638
927,"Lemke, Raynor and Jast",blangsburypq@over-blog.com,813 Sachs Way,+86 159 485 1870
928,Emmerich LLC,ksleightpr@home.pl,09 Division Point,+420 316 696 7188
929,Romaguera Inc,scoweps@angelfire.com,07399 Oakridge Parkway,+255 940 210 4680
930,"Collins, Shanahan and Hansen",nrussept@nydailynews.com,686 Crest Line Plaza,+86 807 412 9456
931,Johns Group,bhundeypu@nhs.uk,41005 Arkansas Road,+86 270 831 4055
932,Senger and Sons,tgiacobbopv@pbs.org,413 Stoughton Road,+57 415 224 6762
933,"Hilpert, Ward and VonRueden",cfurnivalpw@google.co.uk,45 Orin Plaza,+62 832 654 5937
934,"Corwin, Thiel and Keebler",bgannicottpx@nytimes.com,6810 Melby Drive,+86 797 923 7057
935,"Hamill, Okuneva and Gutmann",etofftspy@sogou.com,8 Lighthouse Bay Junction,+62 250 155 6638
936,"Hagenes, Mann and Schamberger",hdrewellpz@dot.gov,0723 Merry Pass,+86 419 730 9823
937,"Ullrich, Hessel and Kuphal",nhutchcraftq0@howstuffworks.com,53122 Pierstorff Trail,+33 882 936 6948
938,Hand Group,csyplusq1@netlog.com,0213 Forest Terrace,+92 405 342 0741
939,"Gleason, Dibbert and Aufderhar",ptrevethanq2@mediafire.com,45898 Hazelcrest Plaza,+86 876 450 0331
940,Bauch-Kemmer,ncoffeltq3@ameblo.jp,540 Eagle Crest Street,+387 767 480 3478
941,Kris-Terry,klargentq4@forbes.com,07 Eagan Pass,+62 350 268 9434
942,Jones LLC,mbleymanq5@surveymonkey.com,671 Shoshone Drive,+86 642 163 2215
943,Hamill Inc,dpetchq6@fastcompany.com,31 Schlimgen Center,+54 984 346 1516
944,"Pagac, Feeney and Grant",swyrillq7@parallels.com,78 Shopko Court,+351 818 643 9563
945,Koch and Sons,nsellimanq8@bravesites.com,8 Northview Plaza,+33 643 213 2184
946,Howe Inc,ustouteq9@mozilla.org,109 Anhalt Road,+389 300 311 3710
947,"D'Amore, Kirlin and Bashirian",jcarlesqa@cocolog-nifty.com,0609 Fieldstone Way,+86 436 242 5218
948,Schuppe-Johnston,cchongqb@goo.gl,0 Brown Terrace,+7 114 349 1868
949,Dicki Group,mraulstoneqc@mashable.com,048 Westerfield Crossing,+62 839 741 6237
950,Nitzsche Inc,boverstreetqd@constantcontact.com,141 Magdeline Avenue,+46 739 263 6097
951,Price Inc,jmacgillqe@examiner.com,95648 Straubel Plaza,+86 548 291 8555
952,"Gibson, Kuhn and Bahringer",ilarretqf@redcross.org,02392 Sugar Terrace,+51 840 594 5689
953,Roob-Hermiston,dheakeqg@baidu.com,516 Duke Junction,+62 189 471 7081
954,"Lind, Huel and Thiel",dposnettqh@msn.com,331 Schmedeman Pass,+371 726 959 6253
955,Kerluke Group,dgoudyqi@upenn.edu,16214 Linden Alley,+420 650 335 1467
956,Stark-Jacobs,bbirtleyqj@1688.com,046 Lakewood Point,+33 615 454 6608
957,"Bechtelar, Thompson and Durgan",mkingscoteqk@google.co.uk,9856 Charing Cross Court,+51 912 558 5815
958,Skiles-Nader,oeffnertql@shop-pro.jp,6695 Morning Terrace,+27 535 250 2373
959,"Boyle, Hettinger and Hermann",mdibbsqm@reddit.com,11203 Bultman Crossing,+33 987 730 3482
960,Stracke Inc,edruelqn@dell.com,90 Talmadge Lane,+33 913 622 3260
961,Pagac and Sons,bmorlqo@amazon.com,621 Atwood Junction,+1 865 611 0879
962,Zemlak-Fisher,rcushionqp@mac.com,4 Loomis Drive,+62 744 153 8549
963,Bernhard-Fahey,azebedeeqq@jugem.jp,2 Bluejay Court,+30 872 999 9884
964,Moen Inc,achrippesqr@tamu.edu,44 Lyons Place,+880 507 116 0559
965,Vandervort-Kerluke,vkonigqs@example.com,8 Graceland Pass,+375 571 984 9188
966,Lebsack Inc,aboarqt@state.gov,27473 Sachtjen Road,+1 323 208 7288
967,"Rodriguez, Thiel and Nitzsche",fberrequ@mit.edu,17 Stang Trail,+502 944 836 8032
968,Boehm and Sons,lbeveredgeqv@wikispaces.com,1 Evergreen Crossing,+30 966 704 4367
969,"Ledner, Bins and Emard",cchassonqw@soundcloud.com,0538 Del Sol Street,+84 345 398 8242
970,Gorczany and Sons,mcroomeqx@studiopress.com,864 Gina Street,+30 816 962 5209
971,Olson-Rowe,acardenasqy@admin.ch,18 Corry Court,+380 488 641 3253
972,Kerluke LLC,vseifqz@dot.gov,28976 Hermina Alley,+251 758 506 2308
973,Auer Inc,egabbatr0@myspace.com,4 Sutteridge Alley,+86 727 820 3975
974,Becker-Ritchie,cnoddlesr1@odnoklassniki.ru,8027 Manitowish Point,+52 596 435 6359
975,Crist and Sons,mllewellenr2@de.vu,977 Bashford Way,+86 658 629 2743
976,Walsh and Sons,lhutchinsr3@alibaba.com,0 Melrose Alley,+86 108 497 6364
977,Ryan Inc,mmcgoochr4@mediafire.com,248 Sachtjen Center,+387 315 782 2477
978,Corkery Group,nstorrockr5@chron.com,98049 Scofield Trail,+380 653 427 0820
979,Pagac Inc,dkleszinskir6@vkontakte.ru,70 Charing Cross Point,+264 929 801 4624
980,West-Macejkovic,sohrtr7@zimbio.com,15 Straubel Center,+86 788 443 6370
981,Nitzsche LLC,nabsolomr8@home.pl,44 Mifflin Junction,+86 942 414 0386
982,VonRueden LLC,aphipardshearsr9@house.gov,35 International Circle,+93 807 177 1391
983,Carroll LLC,ycapera@exblog.jp,292 Oak Park,+386 110 908 6550
984,"Abernathy, Hahn and Watsica",cgillianrb@gizmodo.com,12 Iowa Junction,+62 977 453 7690
985,"Haley, Murray and Feil",fkrollmannrc@constantcontact.com,113 Stephen Alley,+262 912 575 4425
986,"Jakubowski, Green and Littel",jpatmanrd@scientificamerican.com,7704 Emmet Trail,+420 166 132 5047
987,Maggio-Crona,mbatonre@nationalgeographic.com,717 East Parkway,+62 239 695 3433
988,"Rutherford, Conn and Huels",aprysrf@deviantart.com,52 Glendale Crossing,+57 438 594 8893
989,"Thiel, Brekke and Johnston",nhaldenerg@cam.ac.uk,37 Hansons Avenue,+62 789 674 9292
990,Bartoletti-Tromp,ssemeredrh@mozilla.com,5 2nd Circle,+62 705 359 9322
991,Franecki Group,wbagenalri@mayoclinic.com,0 Sauthoff Park,+1 601 698 7272
992,Prohaska and Sons,mstlegerrj@cocolog-nifty.com,9732 Redwing Lane,+62 646 877 1500
993,Hagenes Group,hcrissilrk@dagondesign.com,03592 Lotheville Court,+351 969 609 8153
994,Dicki Inc,lkitchinerrl@latimes.com,58435 Glendale Street,+86 646 685 7257
995,Macejkovic-Hilpert,pprandorm@blinklist.com,69706 Heffernan Trail,+7 254 255 9651
996,"Parisian, Fritsch and Johns",avasilischevrn@icq.com,2 Luster Avenue,+86 720 471 9555
997,DuBuque Inc,jebenezerro@craigslist.org,01 Barby Circle,+351 607 235 9028
998,"Boyle, Kessler and Rogahn",gpearcehouserp@gnu.org,47 Roxbury Avenue,+62 391 499 8471
999,"Blick, Orn and Senger",mhardsonrq@simplemachines.org,842 Shelley Point,+256 443 181 2963
1000,Koepp-Gottlieb,dmcbainrr@washingtonpost.com,65 Mosinee Lane,+86 271 139 0280
